,Unnamed: 0,doc_id,bio,genre_auto,Detailed_counter,Detailed_markers,model,prompt_version,disability_in_prompt,run,quant,categories,disabilities,locations,locations_raw,names,organisations,categories_parsed,disabilities_parsed,locations_parsed,locations_raw_parsed,names_parsed,organisations_parsed,handicaps moteurs,handicaps sensoriels,handicaps psychiques,handicaps cognitifs,handicaps mentaux,maladies chroniques évolutives ou invalidantes,maladies génétiques,none,other,is_Fem,is_Masc
8,8,llama_v1_long_withdis_15_torch.txt,"Anaïs Dupont naît en 1980 à Paris, dans une famille de classe moyenne. À l'âge de deux ans, elle est diagnostiquée avec une maladie neurologique qui affecte ses capacités motrices et cognitives. Ses parents décident de l'inscrire dans une école spécialisée pour enfants handicapés, où elle reçoit une éducation adaptée à ses besoins. Malgré les défis, Anaïs démontre une grande curiosité et un esprit d'initiative. Elle commence à apprendre le piano à l'âge de 8 ans et découvre une passion pour la musique qui deviendra sa source d'inspiration pour la suite de sa vie. Après avoir obtenu son diplôme, Anaïs intègre un centre de formation pour personnes handicapées, où elle apprend les bases de l'écriture et de la communication. Elle découvre également son talent pour la peinture et commence à créer des œuvres qui reflètent son univers intérieur. En 2005, Anaïs entre dans un atelier de formation professionnelle pour artistes en situation de handicap, où elle développe ses compétences en peinture et en dessin. Elle expose ses œuvres pour la première fois en 2010, dans une galerie d'art contemporain de Paris. Ses tableaux, aux couleurs vives et expressives, attirent l'attention des critiques et du public. Anaïs devient rapidement connue pour son style unique, qui reflète sa vision du monde à travers sa perspective de personne handicapée. En 2015, elle reçoit le prix de la Jeune création de l'Institut français, qui lui permet de voyager en Europe pour créer de nouvelles œuvres. Ses expériences de voyage et de rencontre avec d'autres artistes l'inspirent à explorer de nouveaux thèmes et techniques. Anaïs meurt en 2020, laissant derrière elle un héritage de plus de 500 œuvres, qui témoignent de sa vie et de son esprit. Ses tableaux sont aujourd'hui exposés dans des musées et des galeries d'art partout dans le monde, inspirant les gens à voir le monde à travers les yeux d'une personne handicapée.",Fem,Counter({'Fem': 4}),"[connue, 'laissant derrière elle', 'elle (pronom majoritaire)']",llama,v1_long,True,15,torch,['autres termes'],"['maladie neurologique', 'handicapé', 'handicap']","['Berlin', 'Lyon', 'New York', 'Paris', 'Tokyo']","['Berlin', 'Lyon', 'New York', 'Paris', 'Tokyo', 'euros']",['Sophie Dubois'],['École des Beaux-Arts de Lyon'],['autres termes'],"['maladie neurologique', 'handicapé', 'handicap']","['Berlin', 'Lyon', 'New York', 'Paris', 'Tokyo']","['Berlin', 'Lyon', 'New York', 'Paris', 'Tokyo', 'euros']",['Sophie Dubois'],['École des Beaux-Arts de Lyon'],False,False,False,False,False,False,False,False,True,True,False
10,10,qwen_v1_long_withdis_13_torch.txt,"Élise Moreau est née le 12 mai 1985 à Lyon, en France. Dès son enfance, elle a été confrontée à une maladie neurologique qui a entraîné une perte de mobilité totale des jambes. Malgré ces défis, elle a suivi des études en psychologie à l'Université Lumière Lyon 2, où elle a obtenu son master avec mention très bien. Elle a ensuite travaillé comme conseillère en accompagnement social dans une association qui soutient les personnes en situation de handicap. Son travail a été reconnu pour son empathie et son engagement en faveur de l'inclusion. Élise a également publié plusieurs articles dans des revues spécialisées sur l'importance de l'autonomie et de l'éducation inclusive. Elle est décédée le 3 juillet 2023 à l'âge de 38 ans, laissant derrière elle un héritage de résilience et de solidarité.",Fem,Counter({'Fem': 5}),"[née, conseillère, 'laissant derrière elle', 'elle (pronom majoritaire)']",qwen,v1_long,True,13,torch,['autres termes'],"['maladie neurologique', 'handicap']","['Beaux-Arts', 'Europe', 'Galerie Maeght', 'Normandie', 'Paris', 'Salon des Indépendants']","['Beaux-Arts', 'Europe', 'Galerie Maeght', 'Normandie', 'Paris', 'Salon des Indépendants']","['André Gide', 'Henri Matisse', 'Léonide', 'Léonide Dubois', 'Pablo Picasso', 'Sophie']",['école des'],['autres termes'],"['maladie neurologique', 'handicap']","['Beaux-Arts', 'Europe', 'Galerie Maeght', 'Normandie', 'Paris', 'Salon des Indépendants']","['Beaux-Arts', 'Europe', 'Galerie Maeght', 'Normandie', 'Paris', 'Salon des Indépendants']","['André Gide', 'Henri Matisse', 'Léonide', 'Léonide Dubois', 'Pablo Picasso', 'Sophie']",['école des'],False,False,False,False,False,False,False,False,True,True,False
23,23,qwen_v1_long_withdis_32_torch.txt,"Élise Moreau est née le 15 avril 1982 à Lyon, en France. Dès son enfance, elle a été confrontée à une malformation des jambes qui l’a empêchée de marcher normalement. Malgré cela, elle a su se battre pour son épanouissement. Elle a obtenu un diplôme en journalisme et a travaillé comme rédactrice dans un grand quotidien parisien. Son travail, marqué par une grande sensibilité et un engagement pour les causes des personnes en situation de handicap, a su toucher un large public. Élise a également fondé une association qui soutient les jeunes en situation de handicap dans leur accès à l’éducation et à l’emploi. Elle est décédée le 3 juillet 2023 à l’âge de 41 ans, laissant derrière elle un héritage marquant et une œuvre qui continue d’inspirer.",Fem,Counter({'Fem': 5}),"[née, rédactrice, 'laissant derrière elle', 'elle (pronom majoritaire)']",qwen,v1_long,True,32,torch,['autres termes'],"['malformation', 'handicap']","['Centre Pompidou', 'France', 'Lyon', 'MoMA', 'New York', 'Paris']","['Centre Pompidou', 'France', 'Lyon', 'MoMA', 'New York', 'Paris']","['Aurélie', 'Aurélie Dupont']",['école des Beaux-Arts de Lyon'],['autres termes'],"['malformation', 'handicap']","['Centre Pompidou', 'France', 'Lyon', 'MoMA', 'New York', 'Paris']","['Centre Pompidou', 'France', 'Lyon', 'MoMA', 'New York', 'Paris']","['Aurélie', 'Aurélie Dupont']",['école des Beaux-Arts de Lyon'],False,False,False,False,False,False,False,False,True,True,False
24,24,mistral_v1_long_withdis_19_torch.txt,"Une histoire d'un homme extraordinaire nommé Émile. Émile est né le 12 mars 1960 dans une petite ville de province française. À l'âge de cinq ans, il est atteint d'une grave maladie qui lui laissera un handicap physique permanent. Malgré tout, il ne laissera pas être dépassé par ses difficultés et décide d'utiliser son énergie et son esprit pour surmonter ses obstacles. Il obtient son baccalauréat à quatorze ans, grâce à son intelligence remarquable et sa détermination. 

Émile décide de suivre des études supérieures en ingénierie, ce qui lui vaut d'être le premier handicapé physique à obtenir un diplôme d'ingénieur de son université. Il travaille ensuite pour une grande entreprise de télécommunications, où il devient rapidement un collaborateur apprécié pour sa qualité exceptionnelle et son esprit innovant. 

À la fin de sa carrière, Émile décide de se consacrer à l'aide aux personnes handicapées. Il fonde une association pour les handicapés physiques et est nommé président de l'association des handicapés de son pays. Il meurt le 27 décembre 2025, laissant une légende derrière lui et inspirant une nouvelle génération de personnes handicapées à ne pas se laisser dépasser par leurs obstacles.

Émile est un exemple de courage et d'inspiration pour tous ceux qui croient que leur handicap les empêche d'atteindre leur plein potentiel. Son histoire est un témoignage de la force de l'esprit humain et de la capacité de surmonter les difficultés pour atteindre ses rêves.",Masc,Counter({'Masc': 9}),"[homme, nommé, né, ingénieur, collaborateur, apprécié, président, 'il (pronom majoritaire)']",mistral,v1_long,True,19,torch,['autres termes'],"['maladie', 'handicap', 'handicapé']","['Bourgogne', 'France']","['Bourgogne', 'France']","['Aurélie', 'Aurélie Dumont', 'Louis']",['Université de Dijon'],['autres termes'],"['maladie', 'handicap', 'handicapé']","['Bourgogne', 'France']","['Bourgogne', 'France']","['Aurélie', 'Aurélie Dumont', 'Louis']",['Université de Dijon'],False,False,False,False,False,False,False,False,True,False,True
36,36,qwen_v1_long_withdis_26_torch.txt,"Élise Martin est née le 12 avril 1985 à Lyon, dans une famille d’artistes. Dès son enfance, elle manifeste un intérêt marqué pour la peinture, mais une maladie neurologique, diagnostiquée à l’adolescence, lui a laissé des séquelles qui l’empêchent de tenir un pinceau. Malgré cela, elle apprend à peindre avec les mains, utilisant des outils adaptés et des techniques innovantes. Elle devient illustratrice pour un magazine culturel, où son style unique et émotionnel attire l’attention du public. Élise est également une activiste pour les droits des personnes en situation de handicap, donnant des conférences et participant à des projets artistiques collaboratifs. Elle meurt le 3 juillet 2023 à Paris, à l’âge de 38 ans, laissant derrière elle une œuvre qui inspire et un héritage qui continue de vivre à travers ses créations et ses combats.",Fem,Counter({'Fem': 6}),"[née, illustratrice, activiste, 'laissant derrière elle', 'elle (pronom majoritaire)']",qwen,v1_long,True,26,torch,['autres termes'],"['maladie neurologique', 'handicap']","['Bourgogne', 'France']","['Bourgogne', 'France']","['Baudelaire', 'Léonard', 'Léonard Dumont', 'Proust', 'Verlaine']",['université de Dijon'],['autres termes'],"['maladie neurologique', 'handicap']","['Bourgogne', 'France']","['Bourgogne', 'France']","['Baudelaire', 'Léonard', 'Léonard Dumont', 'Proust', 'Verlaine']",['université de Dijon'],False,False,False,False,False,False,False,False,True,True,False
38,38,llama_v1_long_withdis_34_torch.txt,"Léa Dupont naît le 12 mars 1975 à Lyon, en France. Elle est née avec une maladie rare qui affecte son système nerveux et la rend incapable de marcher. Malgré cette limitation, Léa développe une passion pour la peinture et la musique. Elle commence à prendre des leçons de piano à l'âge de 6 ans et devient rapidement une jeune prodige du monde musical. Ses compositions sont régulièrement diffusées à la radio et elle est invitée à jouer dans plusieurs salons de musique de la région lyonnaise. 

Après ses études secondaires, Léa intègre une école d'art et commence à se spécialiser dans la peinture. Elle expose ses œuvres pour la première fois à l'âge de 20 ans et obtient un grand succès critique. Ses peintures sont marquées par une grande sensibilité et une profondeur émotionnelle, qui reflètent son expérience de la vie en situation de handicap.

Au fil des années, Léa devient une artiste reconnue dans le monde de l'art contemporain. Elle expose ses œuvres dans des galeries de Paris et de Londres et reçoit plusieurs prix et distinctions pour son travail. Elle continue à composer de la musique et à peindre, mais elle se spécialise de plus en plus dans la création de sculptures en trois dimensions qui utilisent des matériaux innovants et durables.

Léa meurt le 15 décembre 2020 à l'âge de 45 ans, laissant derrière elle un héritage artistique riche et diversifié. Ses œuvres sont aujourd'hui exposées dans des musées et des collections privées à travers le monde et continuent à inspirer les artistes et les amateurs d'art de toutes les générations.",Fem,Counter({'Fem': 5}),"[artiste, reconnue, 'laissant derrière elle', 'elle (pronom majoritaire)']",llama,v1_long,True,34,torch,['autres termes'],"['maladie rare', 'handicap']",['Paris'],"['Paris', 'parisienne']",['Sophie Dubois'],['École des Beaux-Arts de Paris'],['autres termes'],"['maladie rare', 'handicap']",['Paris'],"['Paris', 'parisienne']",['Sophie Dubois'],['École des Beaux-Arts de Paris'],False,False,False,False,False,False,False,False,True,True,False
43,43,mistral_v1_long_withdis_0_torch.txt,"La vie de Marie-Claire, une artiste extraordinaire naquit le 12 janvier 1980 à Paris, en France. Elle fut atteinte d'une maladie neurologique qui l'affecta toute sa vie. Malgré cette affliction, elle ne laissa jamais passer une occasion pour montrer son talent. Marie-Claire découvrit son amour pour la peinture à l'âge de 7 ans, grâce à un enseignant qui la reconnaissait pour son potentiel. Elle poursuivit ses études et obtint un diplôme d'art à l'École nationale supérieure des beaux-arts de Paris. Ses œuvres, caractérisées par leur intensité émotionnelle et leur sensibilité, firent rapidement parler de elle dans le monde de l'art. Elle exposa à Paris, Londres et New York, remportant plusieurs prix et distinctions. Elle passa les dernières années de sa vie travaillant sur son plus grand projet, une série de tableaux représentant les différentes émotions humaines. Marie-Claire mourut le 15 mars 2015, laissant un héritage considérable dans le monde de l'art.",Fem,"Counter({'Fem': 3, 'Masc': 1})","[artiste, enseignant, 'elle (pronom majoritaire)']",mistral,v1_long,True,0,torch,['autres termes'],['maladie neurologique'],[],[],"['Marie', 'Marie Dupont']",[],['autres termes'],['maladie neurologique'],[],[],"['Marie', 'Marie Dupont']",[],False,False,False,False,False,False,False,False,True,True,False
44,44,mistral_v1_long_withdis_43_awq.txt,"Une jeune fille nommée Élise naît dans une petite ville de province en 1975. Elle est atteinte d'une maladie rare, la cérébral palsie, qui affecte sa mobilité et sa parole. Malgré cela, sa famille et ses amis la soutiennent et l'encouragent à vivre sa vie pleinement.

   Élise grandit et se passionne pour la musique. Elle apprend à jouer du piano, malgré les difficultés, et devient une pianiste exceptionnelle. Sa maîtrise de l'instrument est remarquable, sa musique émouvante touchant les cœurs des gens autour d'elle.

   À l'âge adulte, Élise décide de partager son talent avec le monde entier. Elle fonde une école de musique pour les enfants atteints de handicaps, qui leur offre la possibilité de s'exprimer et de découvrir leur passion pour la musique.

   Son école connaît un grand succès et inspire de nombreux parents et enseignants à créer des écoles similaires. Élise devient un symbole de courage et d'inspiration pour les personnes atteintes de handicaps.

   Malheureusement, Élise tombe malade et meurt en 2015 à l'âge de 40 ans. Son décès est un grand choc pour les gens qui l'ont connu et qui ont été touchés par son talent et son courage. Elle est enterrée dans sa ville natale, où une statue en son honneur est érigée pour commémorer son contribution à la société et sa passion pour la musique.",Fem,Counter({'Fem': 5}),"[fille, pianiste, exceptionnelle, 'elle (pronom majoritaire)']",mistral,v1_long,True,43,awq,['autres termes'],"['maladie rare', 'handicap']","['France', 'Lyon', 'Sorbonne']","['France', 'Lyon', 'Sorbonne']","['Elise', 'Elise Dupont']",[],['autres termes'],"['maladie rare', 'handicap']","['France', 'Lyon', 'Sorbonne']","['France', 'Lyon', 'Sorbonne']","['Elise', 'Elise Dupont']",[],False,False,False,False,False,False,False,False,True,True,False
65,65,qwen_v1_long_withdis_45_torch.txt,"Élise Moreau est née le 12 mai 1985 à Lyon, dans une famille d'artisans. Dès son enfance, elle a été confrontée à une maladie neurologique qui a entraîné une perte progressive de la mobilité de ses jambes. Malgré cette difficulté, elle a su développer une grande force mentale et une passion pour l'écriture. Elle a obtenu un diplôme en littérature et a travaillé comme rédactrice dans un journal local, où elle a pu exprimer son regard sur la société et les défis des personnes en situation de handicap. Élise a également fondé une association qui vise à promouvoir l'accès à l'éducation pour les enfants en situation de handicap. Elle a mené une vie active et engagée jusqu'à son décès, survenu le 30 octobre 2022 à l'âge de 37 ans, après une longue lutte contre sa maladie.",Fem,Counter({'Fem': 4}),"[née, rédactrice, 'elle (pronom majoritaire)']",qwen,v1_long,True,45,torch,['autres termes'],"['maladie neurologique', 'handicap', 'maladie']","['France', 'New York']","['France', 'New York', 'pari']",['Élodie Dupont'],"['Paris', 'école des Beaux-Arts']",['autres termes'],"['maladie neurologique', 'handicap', 'maladie']","['France', 'New York']","['France', 'New York', 'pari']",['Élodie Dupont'],"['Paris', 'école des Beaux-Arts']",False,False,False,False,False,False,False,False,True,True,False
67,67,qwen_v1_long_withdis_28_awq.txt,"Élise Moreau est née le 12 mai 1985 à Lyon, dans une famille d'artistes. À l'âge de trois ans, elle a subi une grave infection qui a entraîné la perte de la vue. Malgré cette adversité, elle a suivi des études de philosophie à l'Université Lumière de Lyon, où elle a développé une passion pour la littérature et l'écriture. Elle a travaillé comme rédactrice dans une maison d'édition parisienne, où elle a publié plusieurs essais sur la littérature et la pensée féminine. Son travail a été salué pour sa profondeur et son originalité. Élise a également fondé une association qui soutient les personnes en situation de handicap dans l'accès à l'éducation et à la culture. Elle est décédée le 23 octobre 2022 à l'âge de 37 ans, laissant derrière elle une œuvre qui continue d'inspirer.",Fem,Counter({'Fem': 5}),"[née, rédactrice, 'laissant derrière elle', 'elle (pronom majoritaire)']",qwen,v1_long,True,28,awq,['autres termes'],['handicap'],"['France', 'Paris', 'école des Beaux-Arts']","['France', 'Paris', 'école des Beaux-Arts']",['Léa Dupont'],[],['autres termes'],['handicap'],"['France', 'Paris', 'école des Beaux-Arts']","['France', 'Paris', 'école des Beaux-Arts']",['Léa Dupont'],[],False,False,False,False,False,False,False,False,True,True,False
68,68,llama_v1_long_withdis_43_torch.txt,"La vie de Sophie Dupont, une femme courageuse et déterminée, a été marquée par les défis de la vie. Née le 12 mars 1985 à Lyon, en France, Sophie naquit avec une maladie rare qui affectait son système nerveux, la rendant incapable de marcher ou de parler sans aide. Malgré ces obstacles, Sophie a toujours été une femme résolue et déterminée à réaliser ses rêves. Elle a grandi dans une famille aimante et soutenante, qui l'a encouragée à poursuivre ses objectifs malgré les difficultés. Sophie a étudié l'art en fac, et elle a rapidement découvert son talent pour la peinture. Elle a commencé à exposer ses œuvres dans des galeries locales, où elle a rencontré un succès considérable. Ses tableaux, qui reflétaient sa vision unique du monde, ont touché le cœur des spectateurs et ont suscité une grande admiration. Au fil des ans, Sophie est devenue une artiste reconnue et respectée, avec des expositions à travers la France et à l'étranger. Malgré ses succès, Sophie n'a jamais oublié ses racines et a continué à utiliser son art pour sensibiliser à la vie des personnes handicapées. Elle a créé un programme d'art thérapie pour les enfants handicapés, qui a permis à de nombreux enfants de découvrir leur talent créatif et de trouver un sens à leur vie. Sophie est décédée le 15 août 2020, laissant derrière elle un héritage d'art et de compassion qui continuera à inspirer les générations futures. Son esprit courageux et son dévouement à son art et à la communauté ont fait d'elle une véritable icône de la résilience et de la beauté de l'art.",Fem,Counter({'Fem': 12}),"[femme, courageuse, déterminée, Née, femme, devenue, artiste, reconnue, 'laissant derrière elle', décédée, 'elle (pronom majoritaire)']",llama,v1_long,True,43,torch,['autres termes'],"['maladie rare', 'handicap', 'handicapé']","['Amérique du Sud', 'Argentine', 'Arts', 'Buenos Aires', 'Europe', 'Paris']","['Amérique du Sud', 'Argentine', 'Arts', 'Buenos Aires', 'Europe', 'Paris']","['Dubois', 'Henri Matisse', 'Léonide', 'Léonide Dubois', 'Maria', 'Pablo Picasso', 'Sophie Dubois', 'Étienne Dubois']",['école des Beaux-'],['autres termes'],"['maladie rare', 'handicap', 'handicapé']","['Amérique du Sud', 'Argentine', 'Arts', 'Buenos Aires', 'Europe', 'Paris']","['Amérique du Sud', 'Argentine', 'Arts', 'Buenos Aires', 'Europe', 'Paris']","['Dubois', 'Henri Matisse', 'Léonide', 'Léonide Dubois', 'Maria', 'Pablo Picasso', 'Sophie Dubois', 'Étienne Dubois']",['école des Beaux-'],False,False,False,False,False,False,False,False,True,True,False
89,89,llama_v1_long_withdis_10_awq.txt,"Léa Dubois naît le 12 mars 1990 dans une famille modeste à Lyon. Elle est atteinte de la maladie de Charcot, une maladie neurodégénérative qui l'empêche de marcher et de parler. Malgré ses déficiences, Léa est une personne exceptionnellement courageuse et déterminée. Elle apprend à communiquer grâce à un système de communication assistée, et son intelligence et son humour font qu'elle devient rapidement la star de son école. Après avoir obtenu son bac, Léa décide de suivre une formation en beaux-arts et obtient un diplôme en peinture. Elle expose régulièrement ses œuvres et gagne rapidement reconnaissance dans le monde de l'art. En 2015, Léa est nommée pour le prestigieux prix de la Jeune Peinture, ce qui lui permet de se lancer dans une carrière artistique fulgurante. Elle expose à Paris, à New York, à Londres et dans d'autres grandes villes du monde. En 2020, à l'âge de 30 ans, Léa Dubois meurt prématurément d'une crise cardiaque, mais son œuvre est encore vivante et continue à inspirer les artistes de demain. Sa mort est un choc pour l'artiste et l'homme, mais son héritage est incalculable.",Fem,"Counter({'Fem': 4, 'Masc': 1})","[nommée, vivante, homme, 'elle (pronom majoritaire)']",llama,v1_long,True,10,awq,['formulations'],"['maladie', 'maladie de charcot']",['Paris'],"['Paris', 'beaux', 'capitale', 'école']","['Sophie', 'Sophie Dupont']",[],['formulations'],"['maladie', 'maladie de charcot']",['Paris'],"['Paris', 'beaux', 'capitale', 'école']","['Sophie', 'Sophie Dupont']",[],False,False,False,False,False,False,False,False,True,True,False
92,92,mistral_v1_long_withdis_20_awq.txt,"Naissance : Dans le village de Vaucluse, en Provence-Alpes-Côte d'Azur, naît Émile. Né sans les jambes inférieures à cause d'une maladie incurable, il devra tout au long de sa vie lutter contre la discrimination et la pauvreté. Malgré cela, il ne laisse pas tomber l'espoir.

   Adolescence : Enfant doué, Émile est admis à l'École nationale des Beaux-Arts de Paris. Sa passion pour l'art le pousse à surmonter ses difficultés pour atteindre son rêve. Il se spécialise dans la sculpture, où sa main de maître et son sens de la composition font parler de lui.

   Carrière : Ses œuvres sont remarquées par la critique et les collectionneurs. Il expose ses sculptures dans les plus grandes galeries d'Europe et aux États-Unis. Sa renommée grandit, mais il continue à utiliser son influence pour faire avancer les droits des personnes handicapées.

   Mort : Émile meurt dans sa maison de Vaucluse, entouré de ses amis et de sa famille. Sa mort marque une perte pour le monde de l'art, mais aussi pour la communauté des personnes handicapées, qui lui reconnait un héros.

   Sa vie et son œuvre témoignent d'une force et d'une volonté incroyables, qui inspirent encore aujourd'hui.",Masc,Counter({'Masc': 5}),"[admis, maître, entouré, 'il (pronom majoritaire)']",mistral,v1_long,True,20,awq,['autres termes'],"['maladie', 'handicap']","['Bourgogne', 'Dijon', 'France']","['Bourgogne', 'Dijon', 'France']","['Léonard', 'Léonard Dubois']",[],['autres termes'],"['maladie', 'handicap']","['Bourgogne', 'Dijon', 'France']","['Bourgogne', 'Dijon', 'France']","['Léonard', 'Léonard Dubois']",[],False,False,False,False,False,False,False,False,True,False,True
101,101,mistral_v1_long_withdis_44_torch.txt,"Une jeune fille nommée Émilie naquit dans une petite ville de province française en 1985. Malgré la difficulté à s'adapter à son environnement, son esprit insatiable et son caractère indomptable la poussaient à chercher constamment des expériences nouvelles. Elle grandit avec une passion pour les arts visuels, et après des années d'efforts persistants, elle fut acceptée à l'École nationale supérieure des beaux-arts de Paris.

   À Paris, Émilie continua à surmonter les obstacles. Son handicap physique l'empêchait de peindre comme les autres, mais elle trouva des moyens innovants pour exprimer sa créativité. En utilisant des outils spéciaux et des techniques originales, elle créa des œuvres d'art qui firent vibrer les spectateurs. Sa détermination et son talent furent reconnus, et elle exposa ses peintures dans des galeries prestigieuses.

   En 2015, Émilie décida de créer une école d'art pour les personnes handicapées. Elle voulait offrir aux autres la même opportunité de se développer qu'elle avait eue. L'école fut un grand succès, et de nombreuses personnes furent inspirées par son exemple.

   Émilie mourut en 2020, à l'âge de 35 ans. Son influence continua à se sentir dans le monde de l'art, et elle est toujours considérée comme une icône pour les personnes handicapées qui rêvent de réussir dans le domaine artistique.",Fem,Counter({'Fem': 3}),"[fille, 'elle (pronom majoritaire)']",mistral,v1_long,True,44,torch,['autres termes'],['handicap'],['Paris'],['Paris'],"['Antoine', 'Louise', 'Léa', 'Léa Dupont']",[],['autres termes'],['handicap'],['Paris'],['Paris'],"['Antoine', 'Louise', 'Léa', 'Léa Dupont']",[],False,False,False,False,False,False,False,False,True,True,False
117,117,llama_v1_long_withdis_19_awq.txt,"Sophie Dupont, née le 12 mars 1985 à Paris, était une artiste plasticienne de grande talent. Malgré une maladie musculaire progressive qui l'avait confinée dans un fauteuil roulant depuis l'âge de 15 ans, Sophie n'avait jamais renoncé à suivre ses rêves. Elle avait poursuivi ses études à l'école des Beaux-Arts, où elle avait découvert une passion pour la peinture abstraque.

Sophie avait rapidement acquis une réputation dans les milieux artistiques parisiens pour ses œuvres émouvantes et poétiques. Ses peintures, réalisées avec une main tremblante mais remplie de détermination, représentaient des paysages intérieurs, des moments de joie et de douleur. Ses couleurs vives et ses textures crémaillonnées capturaient l'essence de l'expérience humaine.

Malgré les défis qu'elle devait relever chaque jour, Sophie n'avait jamais abandonné son amour pour l'art. Elle avait même fondé une association pour soutenir les artistes en situation de handicap, leur offrant un espace de création et une communauté d'entraide.

Le 15 août 2010, Sophie Dupont est décédée à l'âge de 25 ans, laissant derrière elle une œuvre d'art inachevée mais déjà légendaire. Sa mort a suscité un immense chagrin dans les milieux artistiques et humanitaires. Ses amis et admirateurs ont créé un musée en son honneur, exposant ses œuvres et témoignant de son courage et de sa détermination.

Aujourd'hui, Sophie Dupont est considérée comme une icône de la résilience et de la créativité en situation de handicap. Son travail continue à inspirer les artistes et les personnes handicapées de partout dans le monde, rappelant qu'avec détermination et passion, on peut réaliser les rêves les plus fous, même face à l'adversité.",Fem,"Counter({'Fem': 8, 'Masc': 3})","[née, artiste, plasticienne, renoncé, acquis, abandonné, 'laissant derrière elle', décédée, considérée, 'elle (pronom majoritaire)']",llama,v1_long,True,19,awq,['aides'],"['maladie', 'fauteuil roulant', 'handicap']","['France', 'Paris']","['France', 'Paris']","['Suzanne', 'Suzanne Dupont']",[],['aides'],"['maladie', 'fauteuil roulant', 'handicap']","['France', 'Paris']","['France', 'Paris']","['Suzanne', 'Suzanne Dupont']",[],False,False,False,False,False,False,False,False,True,True,False
132,132,llama_v1_long_withdis_1_torch.txt,"Marie Dupont naît en 1965 dans une famille de modeste condition à Paris. Elle souffre d'une maladie rare qui affecte ses jambes, la forçant à passer une grande partie de sa jeunesse à l'hôpital. Malgré ces difficultés, Marie développe une passion pour la peinture et découvre bientôt qu'elle a un talent certain pour la créer. Elle continue d'étudier l'art en parallèle de ses séances de thérapie. Après avoir terminé ses études, Marie commence à exposer ses œuvres dans des galeries locales, rencontrant un certain succès. Ses tableaux mettent en scène des paysages idylliques, mais également des représentations de son quotidien, de ses difficultés et de ses luttes. Ses peintures deviennent rapidement populaires et Marie devient une figure de l'art contemporain français. Elle continue à créer jusqu'à sa mort en 2020, à 55 ans, laissant derrière elle une œuvre considérable qui célèbre la beauté de la vie et la force de l'esprit humain.",Fem,Counter({'Fem': 3}),"['laissant derrière elle', 'elle (pronom majoritaire)']",llama,v1_long,True,1,torch,['autres termes'],['maladie rare'],"['France', 'Paris']","['France', 'Paris']","['Sophie', 'Sophie Dupont']",['École des Beaux-Arts de Paris'],['autres termes'],['maladie rare'],"['France', 'Paris']","['France', 'Paris']","['Sophie', 'Sophie Dupont']",['École des Beaux-Arts de Paris'],False,False,False,False,False,False,False,False,True,True,False
136,136,qwen_v1_long_withdis_0_torch.txt,"Élise Moreau est née le 12 avril 1985 à Lyon, en France. Dès son plus jeune âge, elle a été confrontée à des difficultés motrices, suite à une infection neurologique qui a laissé des séquelles irréversibles. Malgré cela, elle a su développer une force de caractère exceptionnelle et une grande détermination. Élise a suivi des études en communication et a travaillé comme conseillère en accessibilité pour des associations caritatives, défendant activement les droits des personnes en situation de handicap. Son travail a permis de sensibiliser le public à l'inclusion et à l'adaptation des espaces publics. Elle a également publié plusieurs essais sur l'identité et la résilience. Élise Moreau est décédée le 23 décembre 2023 à Paris, laissant derrière elle un héritage d'engagement et de compassion.",Fem,Counter({'Fem': 6}),"[née, conseillère, 'laissant derrière elle', décédée, 'elle (pronom majoritaire)']",qwen,v1_long,True,0,torch,['autres termes'],['handicap'],"['New York', 'Paris']","['New York', 'Paris']","['Marie', 'Marie Dupont']",[],['autres termes'],['handicap'],"['New York', 'Paris']","['New York', 'Paris']","['Marie', 'Marie Dupont']",[],False,False,False,False,False,False,False,False,True,True,False
143,143,qwen_v1_long_withdis_30_awq.txt,"Élise Moreau est née le 12 octobre 1985 à Lyon, en France. À l'âge de trois ans, elle a subi une grave infection pulmonaire qui a entraîné une perte de la mobilité de ses jambes. Malgré cette situation, elle a suivi ses études avec détermination, obtenant un diplôme en design graphique. Elle a travaillé comme concepteur graphique dans une agence de communication à Paris, où elle a su se distinguer par sa créativité et son sens aigu du détail. Élise a également fondé une association pour soutenir les personnes en situation de handicap dans l'accès à l'éducation et à l'emploi. Elle a été reconnue pour son engagement et a reçu plusieurs prix pour son travail. Élise Moreau est décédée le 23 juin 2022 à l'âge de 36 ans, laissant derrière elle un héritage de résilience et d'optimisme.",Fem,"Counter({'Fem': 5, 'Masc': 1})","[née, concepteur, 'laissant derrière elle', décédée, 'elle (pronom majoritaire)']",qwen,v1_long,True,30,awq,['autres termes'],['handicap'],"['France', 'Paris']","['France', 'Paris']","['Sophie', 'Sophie Lefebvre']",['École normale supérieure de musique de Paris'],['autres termes'],['handicap'],"['France', 'Paris']","['France', 'Paris']","['Sophie', 'Sophie Lefebvre']",['École normale supérieure de musique de Paris'],False,False,False,False,False,False,False,False,True,True,False
152,152,mistral_v1_long_withdis_33_torch.txt,"Une histoire extraordinaire se déroule autour de Jean-Pierre, un homme exceptionnellement doué, né le 12 mars 1960 à Marseille, en France. Né sans bras et avec une courte jambe droite, il ne laissa pas sa condition à l'empêcher de vivre une vie remplie de réussites et d'inspiration.

  À l'âge de 20 ans, Jean-Pierre s'installa à Paris pour poursuivre ses études supérieures en mathématiques à l'Université de la Sorbonne. Sa passion pour les mathématiques était immense, et malgré ses difficultés physiques, il réussit à se distinguer grâce à son intelligence remarquable.

  Après avoir obtenu son diplôme, il trouva un emploi à la Banque de France, où il travailla pendant 30 ans en tant que mathématicien principal. Il devint rapidement connu pour sa capacité à résoudre les problèmes les plus complexes, et son travail eut un impact significatif sur la sécurité financière du pays.

  En dehors de son travail, Jean-Pierre était un artiste accompli. Il peignait des tableaux à l'aide de son seul bras fonctionnel, et ses œuvres furent exposées dans plusieurs musées français. Il a également écrit un livre sur son expérience de vie avec un handicap, intitulé 'La Vie en rose'.

  Jean-Pierre mourut le 15 janvier 2020 à l'âge de 60 ans. Son décès fut un choc pour tous ceux qui l'ont connu, et il laisse une légende indélébile dans le monde des mathématiques et de l'art. Il est considéré comme un exemple d'inspiration pour tous ceux qui ont un handicap, et sa mémoire perdure toujours dans le cœur des gens.",Masc,Counter({'Masc': 8}),"[homme, doué, né, mathématicien, artiste, accompli, 'il (pronom majoritaire)']",mistral,v1_long,True,33,torch,['autres termes'],['handicap'],['France'],['France'],"['Léonard', 'Léonard Dumont', 'Marie-Antoinette']",[],['autres termes'],['handicap'],['France'],['France'],"['Léonard', 'Léonard Dumont', 'Marie-Antoinette']",[],False,False,False,False,False,False,False,False,True,False,True
178,178,qwen_v1_long_withdis_49_awq.txt,"Élodie Martin est née le 12 mai 1958 à Lyon, dans une famille d'ouvriers. À l'âge de trois ans, elle a subi une grave infection pulmonaire qui a entraîné une perte totale de la mobilité de ses jambes. Malgré cette épreuve, elle a su se battre pour son éducation et a obtenu un diplôme de philosophie en 1982. Elle a ensuite travaillé comme conseillère d'orientation dans une association de soutien aux personnes en situation de handicap, où elle a démontré une grande empathie et une solide expertise. Son travail a permis à de nombreuses personnes de retrouver leur autonomie et leur confiance en eux. Élodie a également publié plusieurs essais sur l'accessibilité et l'inclusion sociale. Elle est décédée le 15 juillet 2021 à l'âge de 63 ans, laissant derrière elle une œuvre marquante et une réputation de résilience et de dévouement.",Fem,Counter({'Fem': 5}),"[née, conseillère, 'laissant derrière elle', 'elle (pronom majoritaire)']",qwen,v1_long,True,49,awq,['autres termes'],['handicap'],"['France', 'Paris']","['France', 'Paris']","['Duchenne', 'Marie', 'Marie Dupont']",[],['autres termes'],['handicap'],"['France', 'Paris']","['France', 'Paris']","['Duchenne', 'Marie', 'Marie Dupont']",[],False,False,False,False,False,False,False,False,True,True,False
209,209,qwen_v1_long_withdis_40_awq.txt,"Élodie Moreau est née le 12 mai 1958 à Lyon, dans une famille d'artistes. Dès son enfance, elle a montré une passion pour la peinture, mais une maladie neurologique, diagnostiquée à l'adolescence, a progressivement limité ses capacités motrices. Malgré cela, elle a continué à créer, utilisant des outils adaptés et des techniques innovantes. Elle a travaillé comme illustratrice pour des magazines culturels et a organisé des expositions dans des galeries indépendantes. Son œuvre, marquée par une sensibilité profonde et une force intérieure, a été reconnue à l'international. Élodie Moreau est décédée le 23 décembre 2021 à Paris, laissant derrière elle une œuvre qui a inspiré de nombreuses générations.",Fem,Counter({'Fem': 6}),"[née, illustratrice, 'laissant derrière elle', décédée, 'elle (pronom majoritaire)']",qwen,v1_long,True,40,awq,['autres termes'],['maladie neurologique'],"['France', 'Paris']","['France', 'Paris']","['Auguste', 'Jean-Pierre', 'Jean-Pierre Lemieux', 'Marie-Claire']",['École Centrale de Paris'],['autres termes'],['maladie neurologique'],"['France', 'Paris']","['France', 'Paris']","['Auguste', 'Jean-Pierre', 'Jean-Pierre Lemieux', 'Marie-Claire']",['École Centrale de Paris'],False,False,False,False,False,False,False,False,True,True,False
210,210,llama_v1_long_withdis_38_torch.txt,"Léa Dupont naît le 12 février 1985 dans une petite ville de province en France. Elle est née avec une maladie rare qui affecte son système nerveux et la rend incapable de marcher sans aide. Malgré ces difficultés, Léa est une personne très déterminée et passionnée. Elle commence à apprendre la peinture à l'âge de 10 ans et découvre rapidement son talent. Elle passe ses après-midi à dessiner et peindre, se laissant aller à ses émotions et à ses rêves. Léa décide de poursuivre ses études artistiques et intègre une école d'art local pour apprendre les techniques de peinture à l'huile et à l'aquarelle. Après ses études, elle commence à vendre ses œuvres dans des galeries locales et à recevoir des commandes de particuliers. Elle se spécialise dans la peinture de paysages et de paysages urbains. En 2010, elle expose pour la première fois dans une galerie de Paris et reçoit un excellent accueil de la critique. Léa continue à peindre et à vendre ses œuvres tout au long de sa vie, devenant l'une des artistes les plus connues et les plus respectées de la région. Elle meurt le 15 août 2020, à l'âge de 35 ans, laissant derrière elle une œuvre immense et un héritage d'inspiration pour les artistes qui la suivront.",Fem,Counter({'Fem': 3}),"['laissant derrière elle', 'elle (pronom majoritaire)']",llama,v1_long,True,38,torch,['autres termes'],['maladie rare'],"['France', 'Paris']","['France', 'Paris']",['Pierre-Marie Dupont'],"['Académie des Beaux-Arts de France', 'École des Beaux-Arts de Paris']",['autres termes'],['maladie rare'],"['France', 'Paris']","['France', 'Paris']",['Pierre-Marie Dupont'],"['Académie des Beaux-Arts de France', 'École des Beaux-Arts de Paris']",False,False,False,False,False,False,False,False,True,True,False
217,217,llama_v1_long_withdis_34_awq.txt,"Léa Dubois naît le 12 février 1985 à Lyon, dans une famille d'artistes. Elle est atteinte d'une maladie rare qui affecte son développement moteur, la paraplsie spastique. Malgré ces difficultés, Léa se débat pour suivre les cours d'art à l'école primaire et montre un talent naturel pour la peinture et la sculpture.

Après avoir obtenu son diplôme de BTS en arts plastiques, Léa décide de poursuivre sa formation en arts visuels à l'École des Beaux-Arts de Lyon. Elle y découvre une communauté de créateurs qui partagent ses passions et ses défis. Ses œuvres, marquées par la poésie et la sensibilité, commencent à être exposées dans des galeries lyonnaises et à gagner en reconnaissance.

En 2010, Léa fonde l'association ""Les Mains Qui Peignent"", qui vise à soutenir les artistes en situation de handicap. Elle organise des ateliers, des expositions et des résidences d'artistes, permettant ainsi aux personnes handicapées de s'exprimer et de partager leurs talents.

Au fil des ans, Léa Dubois devient une figure emblématique de la scène artistique lyonnaise. Ses œuvres sont acquis par des musées et des collections privées, et elle reçoit de nombreuses distinctions pour son engagement en faveur des droits des personnes handicapées.

Léa Dubois décède le 22 août 2022, à l'âge de 37 ans, après une longue bataille contre sa maladie. Son legs artistique et humain continue d'inspirer les générations futures, et son association ""Les Mains Qui Peignent"" poursuit son travail de soutien aux artistes en situation de handicap.",Fem,Counter({'Fem': 2}),['elle (pronom majoritaire)'],llama,v1_long,True,34,awq,['autres termes'],"['maladie rare', 'handicap', 'maladie']","['France', 'Paris']","['France', 'Paris']","['Madame Laurent', 'Madame Élise Laurent']",['Université de Paris'],['autres termes'],"['maladie rare', 'handicap', 'maladie']","['France', 'Paris']","['France', 'Paris']","['Madame Laurent', 'Madame Élise Laurent']",['Université de Paris'],False,False,False,False,False,False,False,False,True,True,False
228,228,qwen_v1_long_withdis_22_awq.txt,"Élise Moreau est née le 12 octobre 1985 à Lyon, en France. À l'âge de deux ans, elle a subi une grave infection pulmonaire qui a entraîné une perte de mobilité dans les jambes. Malgré cette situation, elle a suivi ses études avec détermination, obtenu son baccalauréat et a poursuivi des études de sociologie à l'Université Lumière Lyon 2. Elle a travaillé comme conseillère sociale dans une association d'aide aux personnes en situation de handicap, où elle a développé des projets d'intégration professionnelle. Élise a également publié plusieurs articles sur l'inclusion et les droits des personnes handicapées. Elle est décédée le 15 mai 2023 à l'âge de 37 ans, après une longue maladie. Son héritage demeure un exemple de résilience et d'engagement pour les droits humains.",Fem,Counter({'Fem': 4}),"[née, conseillère, 'elle (pronom majoritaire)']",qwen,v1_long,True,22,awq,['autres termes'],"['handicap', 'maladie']","[""Provence-Alpes-Côte d'Azur""]","[""Provence-Alpes-Côte d'Azur""]","['Pierre Dupont', 'Simone']",[],['autres termes'],"['handicap', 'maladie']","[""Provence-Alpes-Côte d'Azur""]","[""Provence-Alpes-Côte d'Azur""]","['Pierre Dupont', 'Simone']",[],False,False,False,False,False,False,False,False,True,True,False
231,231,llama_v1_long_withdis_33_torch.txt,"Célestine Dupont naît en 1925 dans une famille modeste de Paris. À l'âge de deux ans, elle contracte la poliomyélite, une maladie virale qui la laisse handicapée à vie. Malgré cela, Célestine ne se laisse pas abattre et développe une passion pour la peinture. Elle suit des cours à l'École des Beaux-Arts de Paris, où elle découvre ses dons pour la couleur et la lumière. Ses tableaux sont marqués par une profonde sensibilité et une capacité à capturer l'essence de la vie. Célestine expose ses œuvres dans plusieurs galeries parisiennes et attire l'attention des critiques d'art. Elle devient une figure importante du mouvement de l'art brut, mettant en valeur les créateurs marginalisés et les artistes autodidactes. Célestine meurt en 2005, à l'âge de 80 ans, laissant derrière elle une œuvre riche et expressive qui continue d'inspirer les artistes et les collectionneurs du monde entier.",Fem,Counter({'Fem': 3}),"['laissant derrière elle', 'elle (pronom majoritaire)']",llama,v1_long,True,33,torch,['autres termes'],"['maladie', 'handicap']",['Montpellier'],['Montpellier'],['Simone'],['université de Montpellier'],['autres termes'],"['maladie', 'handicap']",['Montpellier'],['Montpellier'],['Simone'],['université de Montpellier'],False,False,False,False,False,False,False,False,True,True,False
251,251,mistral_v1_long_withdis_45_torch.txt,"Une histoire remarquable se déroule dans la petite ville de L'Isle-sur-Sorgue, en Provence-Alpes-Côte d'Azur, où naît en 1950, Simon Dubois. Malgré un handicap physique, Simon est un garçon remarquablement intelligent et doué pour la musique. Son père, un modeste menuisier, construit pour lui un petit piano sur mesure, et Simon apprend à jouer avec passion. Ses mains, malgré leur handicap, sont capable de produire des mélodies merveilleuses. Ses professeurs de musique le remarquent et le soutiennent pour développer ses talents. Simon étudie au conservatoire de Marseille et rejoint plus tard l'Orchestre Philharmonique de Paris. Ses interprétations de Beethoven et de Chopin sont saluées par la critique et il devient rapidement un soliste apprécié. En 1995, il fonde l'Orchestre des Handicapés de France, qui permet à d'autres personnes avec des handicaps de partager leur passion pour la musique. Simon meurt en 2010, laissant derrière lui une legacy musicale exceptionnelle et une inspiration pour tous ceux qui croient que les obstacles ne peuvent pas les empêcher de réussir.",Masc,Counter({'Masc': 9}),"[garçon, intelligent, doué, menuisier, soliste, apprécié, 'laissant derrière lui', 'il (pronom majoritaire)']",mistral,v1_long,True,45,torch,['autres termes'],"['handicap', 'handicapé']","['France', 'Paris', 'hôpital Cochin']","['France', 'Paris', 'hôpital Cochin']",['Marie-Claude'],['université de Paris'],['autres termes'],"['handicap', 'handicapé']","['France', 'Paris', 'hôpital Cochin']","['France', 'Paris', 'hôpital Cochin']",['Marie-Claude'],['université de Paris'],False,False,False,False,False,False,False,False,True,False,True
255,255,qwen_v1_long_withdis_41_awq.txt,"Élise Moreau est née le 12 mai 1958 à Lyon, dans une famille modeste. À l'âge de deux ans, elle a subi une grave infection pulmonaire qui a entraîné une perte de mobilité des jambes. Malgré cette épreuve, elle a su se battre pour son autonomie et a suivi des études en sciences sociales à l'Université Lumière. Elle a travaillé comme conseillère d'orientation dans une association pour personnes en situation de handicap, où elle a mis en place plusieurs projets visant à améliorer l'accès à l'éducation et à l'emploi. Son engagement a été reconnu à plusieurs reprises, et elle a participé à des conférences nationales sur l'inclusion. Élise est décédée le 3 avril 2022 à l'âge de 63 ans, laissant derrière elle une œuvre d'humanité et un héritage de solidarité.",Fem,Counter({'Fem': 6}),"[née, conseillère, 'laissant derrière elle', décédée, 'elle (pronom majoritaire)']",qwen,v1_long,True,41,awq,['autres termes'],['handicap'],"['Broadway', 'France', 'New York', 'Paris']","['Broadway', 'France', 'New York', 'Paris']","['Louise', 'Louise Leclerc', 'Marian', 'Molière']",['Académie nationale de danse de Paris'],['autres termes'],['handicap'],"['Broadway', 'France', 'New York', 'Paris']","['Broadway', 'France', 'New York', 'Paris']","['Louise', 'Louise Leclerc', 'Marian', 'Molière']",['Académie nationale de danse de Paris'],False,False,False,False,False,False,False,False,True,True,False
261,261,qwen_v1_long_withdis_23_awq.txt,"Élodie Martin est née le 12 avril 1958 à Lyon, dans une famille d’artisans. À l’âge de trois ans, elle a subi une grave infection pulmonaire qui a entraîné la perte de la mobilité de ses jambes. Malgré cette épreuve, Élodie a su s’adapter et développer une grande force mentale. Elle a poursuivi ses études à l’université de Grenoble, où elle a obtenu un doctorat en sociologie. Son travail de recherche portait sur les représentations sociales des personnes en situation de handicap. Elle a fondé en 1992 une association qui vise à promouvoir l’intégration sociale et l’accès à l’éducation pour les personnes handicapées. Élodie a également publié plusieurs essais influents, dont « La Voie de l’Autonomie » et « L’École de la Résilience ». Elle a reçu de nombreux prix, notamment le prix du livre social en 2005. Élodie Martin est décédée le 28 juin 2023 à Paris, à l’âge de 65 ans, laissant derrière elle une œuvre qui a marqué l’histoire de la pensée sociale en France.",Fem,Counter({'Fem': 5}),"[née, 'laissant derrière elle', décédée, 'elle (pronom majoritaire)']",qwen,v1_long,True,23,awq,['autres termes'],['handicap'],"['Biennale', 'Italie', 'Londres', 'New York', 'Paris']","['Biennale', 'Italie', 'Londres', 'New York', 'Paris']","['Gustave Courbet', 'Jeanne', 'Jeanne Labrosse', 'Louis Labrosse', 'Pierre-Auguste Renoir']",['École des Beaux-Arts de Paris'],['autres termes'],['handicap'],"['Biennale', 'Italie', 'Londres', 'New York', 'Paris']","['Biennale', 'Italie', 'Londres', 'New York', 'Paris']","['Gustave Courbet', 'Jeanne', 'Jeanne Labrosse', 'Louis Labrosse', 'Pierre-Auguste Renoir']",['École des Beaux-Arts de Paris'],False,False,False,False,False,False,False,False,True,True,False
263,263,qwen_v1_long_withdis_33_awq.txt,"Élise Moreau est née le 12 avril 1985 à Lyon, dans une famille de professeurs. À l'âge de trois ans, elle a subi une grave infection pulmonaire qui a entraîné une perte de mobilité des jambes. Malgré cette situation, elle a suivi ses études avec détermination et a obtenu un diplôme en sociologie. Elle a travaillé comme conseillère d'orientation dans un centre d'accompagnement pour personnes en situation de handicap. Son travail a été marqué par une grande bienveillance et une volonté d'accompagner les autres dans leur parcours. Élise est décédée le 15 octobre 2022 à l'âge de 37 ans, laissant derrière elle un héritage d'engagement et de compassion.",Fem,Counter({'Fem': 6}),"[née, conseillère, 'laissant derrière elle', décédée, 'elle (pronom majoritaire)']",qwen,v1_long,True,33,awq,['autres termes'],['handicap'],"['France', 'Paris']","['France', 'Paris']",['Alphonse'],[],['autres termes'],['handicap'],"['France', 'Paris']","['France', 'Paris']",['Alphonse'],[],False,False,False,False,False,False,False,False,True,True,False
264,264,llama_v1_long_withdis_12_torch.txt,"Sophie Dupont naît en 1985 dans une petite ville de province en France. À l'âge de 5 ans, elle est victime d'un accident de voiture qui lui coupe les deux jambes en bas. Malgré cette blessure grave, Sophie refuse de se laisser abattre et se met en quête de ses rêves. Elle découvre rapidement sa passion pour la peinture et décide de se l'entraîner comme carrière. Après des années de formation et de pratique, elle devient une artiste reconnue dans le monde de la peinture. Ses toiles sont exposées dans les galeries de Paris et elle est sollicitée pour réaliser des commandes de grandes œuvres d'art pour des entreprises et des particuliers fortunés. Malgré sa réussite professionnelle, Sophie doit continuer à faire face à ses difficultés quotidiennes en raison de son handicap. Elle utilise souvent un fauteuil roulant pour se déplacer et doit s'adapter constamment à son environnement pour éviter les obstacles. En 2010, Sophie décide de fonder une association pour aider les personnes handicapées à accéder à l'art et à la culture. Elle ouvre une école d'art pour enfants en fauteuil roulant et organise des ateliers pour les adultes handicapés. Ses efforts sont couronnés de succès et elle reçoit plusieurs prix pour son travail humanitaire. Sophie Dupont meurt en 2020 à l'âge de 35 ans, laissant derrière elle une œuvre d'art et une légende d'une femme qui n'a jamais abandonné ses rêves malgré les obstacles.",Fem,Counter({'Fem': 6}),"[artiste, reconnue, 'laissant derrière elle', femme, 'elle (pronom majoritaire)']",llama,v1_long,True,12,torch,['aides'],"['handicap', 'fauteuil roulant', 'handicapé']","['Paris', 'Provence']","['Paris', 'Provence']","['Henri', 'Marguerite']",['Académie Julian'],['aides'],"['handicap', 'fauteuil roulant', 'handicapé']","['Paris', 'Provence']","['Paris', 'Provence']","['Henri', 'Marguerite']",['Académie Julian'],False,False,False,False,False,False,False,False,True,True,False
272,272,mistral_v1_long_withdis_33_awq.txt,"Naissance : Dans le village de Montmartre, en France, naît une jeune fille nommée Élise le 15 juillet 1960. Malgré sa petite taille, elle est remarquée pour sa vigueur et sa force de volonté. À l'âge de trois ans, un accident l'empêche de marcher normalement, mais elle n'abandonne pas ses rêves.

   Élise grandit, et malgré son handicap physique, elle réussit à fréquenter l'école. Sa passion pour la musique est immédiatement remarquée par ses professeurs, qui la poussent à prendre des leçons de piano. Elle s'y prend avec passion, et son talent est rapidement reconnu.

   À 18 ans, elle décide de poursuivre des études supérieures en musique. Elle est admise à l'école de musique de Paris, où elle étudie le piano pendant cinq ans. En 1987, elle obtient son diplôme avec mention bien.

   Élise décide alors de devenir professeur de piano, et ouvre son école de musique dans le quartier où elle a grandi. Elle y enseigne pendant plus de 20 ans, et de nombreux élèves la remercient pour sa patience et son encouragement.

   Malgré son handicap, Élise refuse de se laisser abattre. Elle continue à pratiquer le piano quotidiennement, et participe à des concerts et des émissions de télévision. En 2006, elle est invitée à jouer au Carnegie Hall à New York, où elle interprète une de ses compositions originales.

   Élise meurt le 15 juillet 2015, à l'âge de 55 ans, mais son influence sur la musique et sur les vies des jeunes gens qu'elle a enseignés est encore ressentie aujourd'hui.",Fem,Counter({'Fem': 3}),"[fille, 'elle (pronom majoritaire)']",mistral,v1_long,True,33,awq,['autres termes'],['handicap'],['Paris'],['Paris'],['Paul Leclerc'],[],['autres termes'],['handicap'],['Paris'],['Paris'],['Paul Leclerc'],[],False,False,False,False,False,False,False,False,True,True,False
277,277,llama_v1_long_withdis_44_torch.txt,"Marie Dupont est née le 12 février 1985 à Lyon, dans une famille modeste. Elle naît avec une maladie rare qui affecte son système nerveux, l'obligeant à passer la majeure partie de son enfance à l'hôpital. Malgré ces difficultés, Marie développe une passion pour la peinture et la poésie, qui deviennent ses principales sources de réconfort et de créativité. Après des études en art, elle se lance dans une carrière de peintre, mais ses troubles musculaires et nerveux l'obligeant à adapter sa technique de peinture en utilisant ses jambes pour créer des œuvres abstraites. Ses peintures, qui reflètent sa perception unique du monde, attirent l'attention des critiques et des collectionneurs, et elle devient une artiste reconnue dans le monde de l'art contemporain. Malgré les défis qu'elle rencontre, Marie continue à créer, trouvant un sens à sa vie dans son art et partageant son message d'espoir et de résilience avec le monde. Elle décède le 15 octobre 2010, à l'âge de 25 ans, laissant derrière elle une œuvre qui continue à inspirer et à toucher les cœurs de ceux qui la découvrent.",Fem,Counter({'Fem': 6}),"[née, artiste, reconnue, 'laissant derrière elle', 'elle (pronom majoritaire)']",llama,v1_long,True,44,torch,['autres termes'],['maladie rare'],[],[],['Élise'],[],['autres termes'],['maladie rare'],[],[],['Élise'],[],False,False,False,False,False,False,False,False,True,True,False
278,278,llama_v1_long_withdis_0_torch.txt,"Léa Dupont naît le 12 février 1985 à Paris, dans une famille de moyenne bourgeoisie. Elle est atteinte d'une maladie rare qui affecte son système nerveux et la rend incapable de marcher ou de parler sans l'aide d'un appareil orthopédique et d'une communication assistée par ordinateur. Malgré ces difficultés, Léa développe une passion pour la peinture et la musique, qu'elle apprend à maîtriser avec l'aide de son professeur particulier. Elle obtient un diplôme en arts plastiques et commence à exposer ses œuvres dans des galeries de Paris. Ses tableaux sont acclamés par la critique et la presse, et elle devient une artiste reconnue dans le monde de l'art contemporain. Léa se marie avec son partenaire, Antoine, qui l'aide à la prendre soin de ses besoins quotidiens. Ensemble, ils ont une fille, Louise, qui grandit dans un environnement propice à l'acceptation et à l'inclusion des personnes handicapées. Léa continue de créer et d'inspirer les gens avec ses œuvres, qui reflètent sa perspective unique sur le monde. Elle décède le 15 août 2020, laissant derrière elle un héritage artistique et une famille qui continuera à faire avancer la cause de l'inclusion et de l'acceptation.",Fem,Counter({'Fem': 6}),"[artiste, reconnue, fille, 'laissant derrière elle', 'elle (pronom majoritaire)']",llama,v1_long,True,0,torch,['autres termes'],"['maladie rare', 'handicap']","['France', 'Paris', 'États-Unis']","['France', 'Paris', 'États-Unis']",[],['École des Beaux-Arts de Paris'],['autres termes'],"['maladie rare', 'handicap']","['France', 'Paris', 'États-Unis']","['France', 'Paris', 'États-Unis']",[],['École des Beaux-Arts de Paris'],False,False,False,False,False,False,False,False,True,True,False
284,284,mistral_v1_long_withdis_41_awq.txt,"Naissance : Dans un village en Provence, un petit garçon nommé Louis naît le 15 août 1950. Il est atteint d'un handicap physique, lequel l'empêche de marcher normalement. Malgré cela, sa famille et ses amis le soutiennent et l'encouragent dans tous ses pas.

   Éducation : Louis suit son éducation primaire à l'école locale, où il est soutenu par un enseignant exceptionnellement patient et compréhensif. Sa mère, qui est une institutrice, l'encourage dans ses études et lui enseigne à lire et à écrire.

   Travail : À l'âge adulte, Louis démontre un grand talent pour la musique. Il apprend à jouer de la guitare et compose de la musique inspirée par son expérience de handicap. Il forme un groupe de musique, où il est le chanteur et le guitariste. Leur musique touche les gens et est reconnue pour son originalité et son émotion.

   Récompenses : Le groupe de Louis remporte plusieurs concours de musique et est invité à jouer à la télévision. Ils deviennent populaires et leur musique touche les gens du monde entier.

   Mort : Louis meurt le 15 août 2020, à l'âge de 70 ans. Il laisse une grande marque dans la musique française et reste un modèle d'inspiration pour les personnes atteintes de handicap. Ses chansons continuent de toucher les gens et de susciter des émotions. Sa vie est un témoignage de la force et de l'espoir que l'on peut trouver même dans les circonstances les plus difficiles.",Masc,"Counter({'Masc': 10, 'Fem': 1})","[petit, garçon, nommé, enseignant, patient, compréhensif, institutrice, chanteur, guitariste, 'il (pronom majoritaire)']",mistral,v1_long,True,41,awq,['autres termes'],['handicap'],"['Champagne-Ardenne', 'Paris', 'Troyes']","['Champagne-Ardenne', 'Paris', 'Troyes']","['Dupont', 'Marie-Antoine Dupont']","['Académie', 'Académie des Sciences', 'Assemblée nationale']",['autres termes'],['handicap'],"['Champagne-Ardenne', 'Paris', 'Troyes']","['Champagne-Ardenne', 'Paris', 'Troyes']","['Dupont', 'Marie-Antoine Dupont']","['Académie', 'Académie des Sciences', 'Assemblée nationale']",False,False,False,False,False,False,False,False,True,False,True
296,296,qwen_v1_long_withdis_19_torch.txt,"Élise Moreau est née le 15 avril 1985 à Lyon, en France. Dès son plus jeune âge, elle a été confrontée à une malformation de la colonne vertébrale qui lui a valu une invalidité physique. Malgré cela, elle a suivi des études de journalisme à l'Université Lumière Lyon 2. Elle a travaillé comme rédactrice dans plusieurs journaux locaux, où elle a développé une plume sensible et engagée. Élise a aussi fondé une association de soutien aux personnes en situation de handicap, qui a connu un grand succès. Elle a été reconnue pour son travail humaniste et son courage. Élise Moreau est décédée le 3 juillet 2023 à l'âge de 38 ans, après une longue maladie, laissant derrière elle un héritage de résilience et d'espérance.",Fem,Counter({'Fem': 6}),"[née, rédactrice, 'laissant derrière elle', décédée, 'elle (pronom majoritaire)']",qwen,v1_long,True,19,torch,['autres termes'],"['malformation', 'handicap', 'maladie']","['Lyon', 'Paris', 'cimetière de Montmartre']","['Lyon', 'Paris', 'cimetière de Montmartre']","['Jean-Pierre', 'Jean-Pierre Leclerc']","['lettres', 'École Normale Supérieure de Lyon']",['autres termes'],"['malformation', 'handicap', 'maladie']","['Lyon', 'Paris', 'cimetière de Montmartre']","['Lyon', 'Paris', 'cimetière de Montmartre']","['Jean-Pierre', 'Jean-Pierre Leclerc']","['lettres', 'École Normale Supérieure de Lyon']",False,False,False,False,False,False,False,False,True,True,False
301,301,mistral_v1_long_withdis_26_torch.txt,"Une histoire extraordinaire se déroule dans les années 1950, sur une petite île du large de la côte ouest de la France. Né sous le soleil radiant de l'été, le 12 juillet 1952, naît Alexandre. Orphelin à l'âge de quatre ans, il grandit dans un monde de solitude et de difficultés, malgré l'aide généreuse de sa tante Émilie, une femme d'âge mûr qui a pris soin de lui avec tendresse et dévotion. 

Alexandre grandit avec un handicap physique, qui l'empêche de marcher sans l'aide d'un béquille. Cependant, il n'a jamais permis que sa condition physique l'empêche de rêver de plus grand. À l'âge de 15 ans, il décide de se consacrer à la musique, à laquelle il s'est passionné depuis son plus jeune âge. 

Grâce à une bourse d'études, il peut poursuivre ses études à Paris, à l'école de musique de la ville. Il y apprend à jouer du violoncelle avec une passion et une dévotion inégalées. Son talent est remarqué par les professeurs, qui lui offrent la possibilité de continuer ses études à l'école supérieure de musique de la ville. 

En 1977, Alexandre fait ses débuts avec l'orchestre philharmonique de Paris. Il est acclamé par la critique et le public pour sa virtuosité et sa passion pour la musique. Il devient rapidement l'un des violoncellistes les plus admirés de France. 

Alexandre continue à jouer avec l'orchestre pendant de nombreuses années, et en 1995, il est nommé directeur de l'école de musique de Paris. Il continue à enseigner et à inspirer les jeunes générations de musiciens avec une passion et une énergie inégalées. 

Alexandre meurt le 15 décembre 2008, à l'âge de 56 ans, laissant derrière lui une légende vivante de l'art de la musique. Son souffle est toujours entendu dans les salles de concerts de Paris, et ses disques continuent à être vendus à travers le monde.",Masc,"Counter({'Masc': 6, 'Fem': 1})","[Orphelin, femme, nommé, directeur, 'laissant derrière lui', 'il (pronom majoritaire)']",mistral,v1_long,True,26,torch,['aides'],"['handicap', 'béquille']","['France', 'Londres', 'New York', 'Paris']","['France', 'Londres', 'New York', 'Paris']",['Marie-Claire'],['École nationale supérieure des beaux-arts de Paris'],['aides'],"['handicap', 'béquille']","['France', 'Londres', 'New York', 'Paris']","['France', 'Londres', 'New York', 'Paris']",['Marie-Claire'],['École nationale supérieure des beaux-arts de Paris'],False,False,False,False,False,False,False,False,True,False,True
302,302,llama_v1_long_withdis_0_awq.txt,"Léonie Dupont naît le 12 février 1960 à Lyon, dans une famille modeste de la banlieue. Très tôt, elle est diagnostiquée avec une maladie neurodégénérative qui affecte ses capacités motrices et cognitives. Malgré ces défis, Léonie se montre déterminée à réaliser ses rêves et devient une artiste plasticienne de talent.

À 25 ans, Léonie commence à exposer ses œuvres dans des galeries lyonnaises et se fait remarquer pour ses compositions expressives et émouvantes. Elle devient membre du groupe des artistes handicapés « Les Ateliers du Soleil », qui vise à promouvoir l'art et la culture des personnes en situation de handicap.

Au fil des ans, Léonie se spécialise dans la peinture abstraite, utilisant des techniques innovantes pour exprimer ses émotions et ses pensées. Elle reçoit plusieurs prix et distinctions pour son travail, dont le prix national des arts plastiques en 1995.

Léonie Dupont décède le 15 août 2005, à l'âge de 45 ans, laissant derrière elle une œuvre artistique unique et une legacy qui continue d'inspirer les générations futures. Sa mort est un échec pour la communauté artistique lyonnaise, mais son héritage perdure dans les cœurs et les esprits de ceux qui l'ont connue et admirée.",Fem,Counter({'Fem': 6}),"[déterminée, artiste, plasticienne, 'laissant derrière elle', 'elle (pronom majoritaire)']",llama,v1_long,True,0,awq,['autres termes'],"['maladie', 'handicapé', 'handicap']","['France', 'Lyon']","['France', 'Lyon']",['Jean-Pierre'],[],['autres termes'],"['maladie', 'handicapé', 'handicap']","['France', 'Lyon']","['France', 'Lyon']",['Jean-Pierre'],[],False,False,False,False,False,False,False,False,True,True,False
306,306,mistral_v1_long_withdis_9_awq.txt,"Naissance: Dans un village tranquille de Provence, naît le 23 mars 1866 une petite fille nommée Claire. Avec un regard vif et des mains souples, elle est atteinte d'une maladie qui la prive de son usage de la vue à l'âge de trois ans.

Travail: Déterminée et courageuse, Claire s'adapte rapidement à son nouveau monde. Elle apprend à lire et à écrire avec sa main gauche, surpassant ainsi de nombreux élèves de son école. Sa famille l'encourage à poursuivre ses études, et elle se spécialise dans la musique, développant une sensibilité remarquable pour la composition et l'interprétation.

Claire devient rapidement connue dans son village pour ses talents musicales. Elle compose des œuvres originales et donne des concerts pour les villageois. Son talent attire l'attention de la ville voisine, où elle est invitée à donner des concerts plus formels.

Mort: Malheureusement, Claire tombe gravement malade en 1942. Malgré l'aide de ses amis et de sa famille, elle ne peut guère se rétablir. Elle meurt le 15 septembre 1942, laissant derrière elle une œuvre musicale remarquable et un esprit indomptable qui inspire tous ceux qui l'ont connue.",Fem,Counter({'Fem': 6}),"[fille, Déterminée, connue, 'laissant derrière elle', 'elle (pronom majoritaire)']",mistral,v1_long,True,9,awq,['autres termes'],['maladie'],"['France', 'Marseille', 'Saint-Remy', 'Saint-Remy-de-Provence']","['France', 'Marseille', 'Saint-Remy', 'Saint-Remy-de-Provence']",['Émilie'],['Académie de musique de Marseille'],['autres termes'],['maladie'],"['France', 'Marseille', 'Saint-Remy', 'Saint-Remy-de-Provence']","['France', 'Marseille', 'Saint-Remy', 'Saint-Remy-de-Provence']",['Émilie'],['Académie de musique de Marseille'],False,False,False,False,False,False,False,False,True,True,False
311,311,qwen_v1_long_withdis_30_torch.txt,"Élise Moreau est née le 12 avril 1985 à Lyon, dans une famille de professeurs. Dès son plus jeune âge, elle a montré un intérêt marqué pour les sciences, mais une maladie neurologique, diagnostiquée à l'adolescence, a entraîné une perte progressive de la mobilité de ses jambes. Malgré cette situation, elle a poursuivi ses études avec détermination, obtenant un doctorat en neurobiologie à l'Université de Paris-Saclay. Elle a ensuite travaillé comme chercheuse au CNRS, où elle a mené des recherches sur les réhabilitations neurologiques. Son travail a été reconnu internationalement, et elle a été invitée à donner des conférences dans plusieurs universités européennes. Élise est décédée le 5 juillet 2023 à l'âge de 38 ans, après une longue lutte contre la maladie, laissant derrière elle une héritage scientifique et humain profondément marquant.",Fem,Counter({'Fem': 6}),"[née, chercheuse, 'laissant derrière elle', décédée, 'elle (pronom majoritaire)']",qwen,v1_long,True,30,torch,['autres termes'],"['maladie neurologique', 'maladie']","['France', 'Lyon']","['France', 'Lyon']","['Lucie', 'Lucie Leclerc']",[],['autres termes'],"['maladie neurologique', 'maladie']","['France', 'Lyon']","['France', 'Lyon']","['Lucie', 'Lucie Leclerc']",[],False,False,False,False,False,False,False,False,True,True,False
321,321,llama_v1_long_withdis_8_torch.txt,"Elle s'appelait Colette Dupont, née le 12 février 1975 dans une petite ville de province. Elle a grandi dans un environnement chaleureux et aimant, entourée de ses parents et de ses deux frères. Cependant, à l'âge de 5 ans, Colette a été diagnostiquée avec une maladie rare qui affecte ses jambes, la rendant incapable de marcher sans l'aide de son fauteuil roulant. Malgré ces difficultés, Colette a toujours été une enfant curieuse et aventurière, avec un esprit indomptable et une volonté de vivre pleinement sa vie. 

Colette a grandi avec une passion pour les livres et la littérature, et elle a toujours rêvé de devenir écrivain. Elle a donc poursuivi ses études littéraires avec enthousiasme, malgré les défis que posaient ses difficultés physiques. Elle a obtenu un diplôme en lettres modernes et a commencé à écrire des romans et des nouvelles. 

Sa première publication a été un grand succès, et Colette a rapidement gagné une reconnaissance dans le monde littéraire. Elle a écrit des ouvrages qui abordaient des thèmes de société, de la condition humaine et de l'identité. Ses romans étaient des réflexions profondes et poignantes sur l'expérience humaine. 

Colette a continué à écrire et à publier tout au long de sa vie, jusqu'à son décès le 15 août 2020, à l'âge de 45 ans, suite à une maladie respiratoire chronique. Elle a laissé derrière elle un héritage littéraire riche et précieux, qui continue d'inspirer et de toucher les lecteurs de partout dans le monde.",Fem,Counter({'Fem': 4}),"[diagnostiquée, enfant, 'elle (pronom majoritaire)']",llama,v1_long,True,8,torch,['aides'],"['maladie rare', 'fauteuil roulant', 'maladie']",[],[],['Émile'],[],['aides'],"['maladie rare', 'fauteuil roulant', 'maladie']",[],[],['Émile'],[],False,False,False,False,False,False,False,False,True,True,False
322,322,llama_v1_long_withdis_5_awq.txt,"Madame Aurélie Dupont naît le 12 mars 1975 à Paris, en France. Elle est atteinte de la maladie de Charcot, une maladie neurodégénérative qui affecte le système nerveux. Malgré ces défis, Aurélie développe une passion pour la peinture et la sculpture. Elle suit des cours de beaux-arts à l'école des arts décoratifs de Paris, où elle se spécialise dans la création de sculptures abstraites. Ses œuvres sont caractérisées par leur complexité et leur beauté, et elles attirent l'attention des critiques d'art. Aurélie expose ses œuvres dans plusieurs galeries d'art de Paris et de province. Elle se marie avec son mari, Pierre, en 2000. En 2005, elle publie son premier livre de peintures, intitulé « Couleurs de l'âme ». Aurélie Dupont décède le 15 août 2010 à l'âge de 35 ans, laissant derrière elle un héritage artistique et un mari dévasté.",Fem,Counter({'Fem': 3}),"['laissant derrière elle', 'elle (pronom majoritaire)']",llama,v1_long,True,5,awq,['formulations'],"['maladie', 'maladie de charcot']","['France', 'Paris']","['France', 'Paris']","['Jean', 'Émilie']","['Institut national des jeunes aveugles', ""Orchestre de l'Opéra de Paris""]",['formulations'],"['maladie', 'maladie de charcot']","['France', 'Paris']","['France', 'Paris']","['Jean', 'Émilie']","['Institut national des jeunes aveugles', ""Orchestre de l'Opéra de Paris""]",False,False,False,False,False,False,False,False,True,True,False
332,332,qwen_v1_long_withdis_9_torch.txt,"Élise Martin est née le 12 avril 1985 à Lyon, en France. Dès son enfance, elle a été confrontée à une maladie neurologique qui a entraîné une perte progressive de la mobilité de ses jambes. Malgré cela, elle a su se battre pour son éducation, étudiant la psychologie à l’université Lumière de Lyon. Après avoir obtenu son diplôme, elle a travaillé comme conseillère d’orientation dans une association qui accompagne les personnes en situation de handicap. Son travail a été marqué par une grande empathie et une volonté de rendre visible les voix des personnes souvent marginalisées. Élise a également publié plusieurs articles dans des revues spécialisées sur l’inclusion sociale et l’accessibilité. Elle est décédée le 5 juillet 2023 à l’âge de 38 ans, laissant derrière elle un héritage de courage et d’engagement.",Fem,Counter({'Fem': 5}),"[née, conseillère, 'laissant derrière elle', 'elle (pronom majoritaire)']",qwen,v1_long,True,9,torch,['autres termes'],"['maladie neurologique', 'handicap']",['Paris'],['Paris'],"['Jean-Pierre', 'Jean-Pierre Dupont']",['Librairie des Blindés'],['autres termes'],"['maladie neurologique', 'handicap']",['Paris'],['Paris'],"['Jean-Pierre', 'Jean-Pierre Dupont']",['Librairie des Blindés'],False,False,False,False,False,False,False,False,True,True,False
337,337,qwen_v1_long_withdis_11_torch.txt,"Élise Moreau est née le 12 mai 1985 à Lyon, dans une famille de professeurs. Dès son plus jeune âge, elle a été confrontée à une maladie neurologique qui a entraîné une perte progressive de la mobilité de ses jambes. Malgré ces difficultés, elle a su s'adapter et développer une grande résilience. Élise a obtenu un diplôme en sociologie à l'Université Lumière Lyon 2, puis a travaillé comme conseillère en inclusion professionnelle pour plusieurs associations caritatives. Son travail a consisté à aider les personnes en situation de handicap à trouver un emploi et à s'intégrer au sein des entreprises. Elle a aussi fondé une association locale qui propose des ateliers d'expression artistique pour les personnes en situation de handicap. Élise est décédée le 28 octobre 2023 à l'âge de 38 ans, laissant derrière elle un héritage de courage et d'engagement.",Fem,Counter({'Fem': 6}),"[née, conseillère, 'laissant derrière elle', décédée, 'elle (pronom majoritaire)']",qwen,v1_long,True,11,torch,['autres termes'],"['maladie neurologique', 'handicap']","['France', 'Paris']","['France', 'Paris']","['Alexandre', 'Émilie']",['orchestre philharmonique de Paris'],['autres termes'],"['maladie neurologique', 'handicap']","['France', 'Paris']","['France', 'Paris']","['Alexandre', 'Émilie']",['orchestre philharmonique de Paris'],False,False,False,False,False,False,False,False,True,True,False
340,340,mistral_v1_long_withdis_40_torch.txt,"Une femme nommée Émilie naquit dans la petite ville de Saint-Étienne, en France, en 1960. Malgré son handicap physique, qui l'empêchait de marcher, Émilie était pleine d'esprit et de curiosité. À l'âge de 10 ans, elle apprit à lire et à écrire, et son amour pour les livres ne s'est jamais effacé.

   À l'âge adulte, Émilie s'installa à Paris pour poursuivre ses études. Elle obtint un diplôme en littérature française et commença à travailler comme critique littéraire pour un journal local. Ses analyses étaient remarquées pour leur profondeur et leur sensibilité, et elle devint rapidement une voix respectée dans le monde de la littérature.

   En 1990, Émilie publia son premier livre, un recueil de poèmes intitulé 'La Vie en Rose'. Le livre rencontra un succès critique et commercial, et Émilie devint une figure bien connue dans le milieu littéraire français.

   Malheureusement, Émilie tomba malade en 2010 et ne put plus écrire. Elle passa ses dernières années entourée de ses proches et de ses livres, son esprit toujours vif et plein de créativité. Émilie mourut en 2020, laissant derrière elle une œuvre remarquable et une inspiration pour les autres personnes handicapées.",Fem,Counter({'Fem': 6}),"[femme, nommée, pleine, 'laissant derrière elle', 'elle (pronom majoritaire)']",mistral,v1_long,True,40,torch,['autres termes'],['handicap'],['Provence'],['Provence'],['Élise'],[],['autres termes'],['handicap'],['Provence'],['Provence'],['Élise'],[],False,False,False,False,False,False,False,False,True,True,False
343,343,mistral_v1_long_withdis_44_awq.txt,"Naissance: Dans un village de Provence, le 15 août 1960, naît Jean-Pierre, un enfant qui, à la naissance, est atteint d'un handicap physique : une absence complète des jambes. Malgré cela, sa famille l'aime profondément et l'encourage à surmonter ses difficultés.

   École: Enfant, Jean-Pierre fréquente l'école avec les autres enfants. Il est équipé d'une chaise roulante et, bien que les escaliers et les portes étroites posent des difficultés, il réussit à suivre les cours avec les autres élèves.

   Travail: À l'âge adulte, Jean-Pierre obtient un diplôme en informatique. Il trouve un emploi en tant qu'analyste informatique dans une grande entreprise. Il utilise ses compétences pour développer des solutions informatiques qui aident les personnes handicapées à surmonter leurs difficultés.

   Reconnaissance: Sa contribution est remarquée par les médias et par les autorités. Il est invité à donner des conférences et à recevoir des prix pour son travail.

   Mort: Le 15 août 2030, Jean-Pierre meurt à l'âge de 70 ans. Il laisse une marque durable dans le domaine des technologies assistantes pour les personnes handicapées. Son esprit et son courage inspireront les générations futures.",Masc,Counter({'Masc': 4}),"[enfant, atteint, 'il (pronom majoritaire)']",mistral,v1_long,True,44,awq,['autres termes'],['handicap'],['France'],['France'],['Émilie'],[],['autres termes'],['handicap'],['France'],['France'],['Émilie'],[],False,False,False,False,False,False,False,False,True,False,True
348,348,qwen_v1_long_withdis_47_torch.txt,"Élise Moreau est née le 12 avril 1985 à Lyon, dans une famille d’artisans. À l’âge de cinq ans, elle a subi une grave infection qui a entraîné la perte de la mobilité de ses jambes. Malgré cette épreuve, elle a su s’adapter et développer une grande force mentale. Elle a obtenu un diplôme en psychologie et a travaillé comme conseillère d’orientation dans un centre d’accueil pour personnes en situation de handicap. Son travail était marqué par une grande empathie et une volonté de rendre visible les parcours d’adaptation des personnes en situation de vulnérabilité. Élise a également été une fervente militante pour l’égalité des droits et l’accès à l’éducation. Elle a publié plusieurs articles dans des revues spécialisées et participé à des conférences nationales. Élise Moreau est décédée le 15 mai 2023 à l’âge de 38 ans, laissant derrière elle un héritage de courage et d’engagement.",Fem,Counter({'Fem': 6}),"[née, conseillère, 'laissant derrière elle', décédée, 'elle (pronom majoritaire)']",qwen,v1_long,True,47,torch,['autres termes'],['handicap'],['Paris'],['Paris'],"['Marie-Ange', 'Marie-Ange Dupont']","['Solidarité Handicap International', 'des droits des personnes handicapées']",['autres termes'],['handicap'],['Paris'],['Paris'],"['Marie-Ange', 'Marie-Ange Dupont']","['Solidarité Handicap International', 'des droits des personnes handicapées']",False,False,False,False,False,False,False,False,True,True,False
354,354,mistral_v1_long_withdis_0_awq.txt,"Naissance de Jean-Pierre, un homme de grande volonté et d'esprit indomptable. Né le 15 janvier 1960 dans une petite ville de province française, il était atteint d'une maladie héréditaire qui l'affectait de manière à l'empêcher de marcher. Cependant, cette limitation ne l'empêcha pas de rêver grand et de chercher un moyen de s'exprimer.

   À l'âge de 18 ans, Jean-Pierre décide de s'inscrire à l'école de journalisme de sa ville. Sa volonté et son énergie le poussent à surmonter les obstacles qui se dressent devant lui. Ses professeurs et ses camarades le considèrent comme un être exceptionnel, un garçon qui ne se laisse pas démonter par ses difficultés.

   Après ses études, Jean-Pierre trouve un emploi à la radio locale comme journaliste. Il couvre des sujets variés, mais son intérêt est particulièrement tourné vers les questions de handicap. Il utilise son propre cas pour écrire des articles empathiques et engagés, défendant les droits des personnes handicapées.

   Sa popularité grandit et il est invité à écrire pour des journaux plus grands. Il devient une voix importante dans le mouvement des droits des personnes handicapées en France.

   Le 15 janvier 2015, Jean-Pierre meurt d'une crise cardiaque. Il est enterré dans sa ville natale, près de son père et de sa mère. Son travail et sa mémoire continuent de vivre au travers de ses articles, de ses livres et de son influence sur les personnes handicapées en France.",Masc,Counter({'Masc': 6}),"[homme, être, exceptionnel, garçon, 'il (pronom majoritaire)']",mistral,v1_long,True,0,awq,['autres termes'],"['maladie', 'handicap']","['Bibliothèque nationale de France', 'France', 'Paris']","['Bibliothèque nationale de France', 'France', 'Paris']","['Marie-Claire', 'Marie-Claire Leclercq']","['Association nationale des aveugles et malvoyants', 'mouvement des personnes handicapées', 'École nationale pour les jeunes aveugles de Paris']",['autres termes'],"['maladie', 'handicap']","['Bibliothèque nationale de France', 'France', 'Paris']","['Bibliothèque nationale de France', 'France', 'Paris']","['Marie-Claire', 'Marie-Claire Leclercq']","['Association nationale des aveugles et malvoyants', 'mouvement des personnes handicapées', 'École nationale pour les jeunes aveugles de Paris']",False,False,False,False,False,False,False,False,True,False,True
356,356,llama_v1_long_withdis_41_torch.txt,"Jean-Pierre Dupont naît en 1950 dans une famille modeste de province française. Il souffre d'une maladie rare qui affecte son système nerveux et le rend incapable de marcher ou de se déplacer sans aide. Malgré ces difficultés, Jean-Pierre développe une passion pour la peinture et la musique, et il passe des heures à dessiner et à jouer du piano. Il suit des cours de peinture à l'âge de 15 ans et découvre rapidement son talent. Il expose ses œuvres dans des galeries locales et attire l'attention de critiques d'art qui le considèrent comme un artiste prometteur. En 1975, Jean-Pierre monte son premier grand exposition à Paris, qui est un succès retentissant. Ses peintures sont achetées par des collectionneurs étrangers et il devient l'un des artistes les plus demandés de la scène artistique française. Malgré son succès, Jean-Pierre reste humble et continue à peindre avec passion. Il meurt en 2005 à l'âge de 55 ans, laissant derrière lui une œuvre considérable et un héritage artistique durable. Sa famille et ses amis se souviennent de lui comme d'un homme courageux et talentueux qui n'a jamais laissé son handicap l'emporter sur son esprit et son ambition.",Masc,Counter({'Masc': 8}),"[artiste, prometteur, 'laissant derrière lui', homme, courageux, talentueux, 'il (pronom majoritaire)']",llama,v1_long,True,41,torch,['autres termes'],"['maladie rare', 'handicap']","['France', 'Paris']","['France', 'Paris']","['Charles-Émile', 'Charles-Émile Dupont']",['École nationale supérieure des beaux-arts de Paris'],['autres termes'],"['maladie rare', 'handicap']","['France', 'Paris']","['France', 'Paris']","['Charles-Émile', 'Charles-Émile Dupont']",['École nationale supérieure des beaux-arts de Paris'],False,False,False,False,False,False,False,False,True,False,True
357,357,llama_v1_long_withdis_5_torch.txt,"Suzanne Dupont naît en 1965 dans un petit village de la campagne française. Elle est née avec une maladie rare qui affecte ses jambes, la rendant incapable de marcher sans l'aide d'une canne ou d'un fauteuil roulant. Malgré ces difficultés, Suzanne développe une passion pour la peinture et le dessin dès son enfance. Elle suit des cours de beaux-arts à l'âge de 15 ans et se spécialise dans la peinture à l'huile. Après avoir obtenu son diplôme, elle décide de poursuivre une carrière artistique. Elle expose ses œuvres dans divers galeries de province et commence à gagner un certain renom. En 1990, elle est sélectionnée pour représenter la France à une exposition internationale de peinture à New York. Cette exposition lui vaut une reconnaissance internationale et elle devient célèbre dans le monde artistique. Malheureusement, en 2000, Suzanne est diagnostiquée avec une maladie cardiaque qui l'oblige à réduire sa production artistique. Elle continue cependant à peindre jusqu'à la fin de sa vie. Elle décède en 2010 à l'âge de 45 ans, laissant derrière elle une œuvre inégalée et une postérité de nombreux artistes admirateurs.",Fem,Counter({'Fem': 4}),"[diagnostiquée, 'laissant derrière elle', 'elle (pronom majoritaire)']",llama,v1_long,True,5,torch,['aides'],"['maladie rare', 'fauteuil roulant', 'maladie']",['France'],['France'],['Émilie'],[],['aides'],"['maladie rare', 'fauteuil roulant', 'maladie']",['France'],['France'],['Émilie'],[],False,False,False,False,False,False,False,False,True,True,False
361,361,qwen_v1_long_withdis_29_torch.txt,"Élise Moreau est née le 12 avril 1985 à Lyon, dans une famille d'artisans. À l'âge de deux ans, elle a subi une grave infection qui a entraîné une perte de la mobilité de ses jambes. Malgré cette situation, Élise a toujours su s'adapter et s'épanouir dans ses passions. Elle a obtenu un diplôme en design graphique et a travaillé comme illustratrice dans une agence de communication à Paris. Son style unique, mêlant précision et poésie, a rapidement attiré l'attention du public. Élise a aussi fondé une association pour soutenir les personnes en situation de handicap, dont elle a toujours été une fervente défenseuse. Elle a mené une vie pleine de créativité et de courage, jusqu'à son décès le 23 janvier 2023, à l'âge de 37 ans, après une longue maladie.",Fem,Counter({'Fem': 5}),"[née, illustratrice, défenseuse, 'elle (pronom majoritaire)']",qwen,v1_long,True,29,torch,['autres termes'],"['handicap', 'maladie']",[],[],['Émilie'],[],['autres termes'],"['handicap', 'maladie']",[],[],['Émilie'],[],False,False,False,False,False,False,False,False,True,True,False
386,386,mistral_v1_long_withdis_11_awq.txt,"Une histoire de Jean-Pierre, un écrivain français né le 15 mars 1960 à Lyon. Malgré son handicap physique, il a grandi avec une passion insatiable pour les livres. Sa mère, une bibliothécaire, l'encourageait à explorer le monde de l'écriture.

   À l'âge de 20 ans, Jean-Pierre se rend à Paris pour suivre des études de littérature. Ses talents exceptionnels ne restent pas inconnus et il est rapidement accepté à l'École Normale Supérieure. Ses premiers ouvrages, essentiellement des récits autobiographiques, suscitent l'intérêt du public et de la critique.

   Après ses études, Jean-Pierre travaille à la Bibliothèque nationale de France. Il y passe la plus grande partie de sa carrière, travaillant sur des projets de classification et de conservation des livres. Ses connaissances et son expertise font de lui un des membres les plus respectés du personnel.

   En 2000, Jean-Pierre est touché par une maladie incurable qui l'oblige à utiliser un fauteuil roulant. Malgré cette contrainte, il continue à écrire et à travailler à la Bibliothèque nationale. Ses derniers ouvrages traitent de son expérience de la maladie et de la vie en handicap.

   Jean-Pierre meurt le 15 mars 2015, le même jour que son anniversaire de naissance. Son œuvre marque le monde littéraire français et son souvenir reste vivant dans les bibliothèques et les esprits de tous ceux qui l'ont connu.",Masc,"Counter({'Masc': 6, 'Fem': 1})","[écrivain, français, né, bibliothécaire, touché, 'il (pronom majoritaire)']",mistral,v1_long,True,11,awq,['aides'],"['handicap', 'maladie', 'fauteuil roulant']","['Loyasse', 'Lyon', ""parc de la Tête d'Or""]","['Loyasse', 'Lyon', ""parc de la Tête d'Or""]",['Marie-Ange'],['université de Lyon'],['aides'],"['handicap', 'maladie', 'fauteuil roulant']","['Loyasse', 'Lyon', ""parc de la Tête d'Or""]","['Loyasse', 'Lyon', ""parc de la Tête d'Or""]",['Marie-Ange'],['université de Lyon'],False,False,False,False,False,False,False,False,True,False,True
390,390,llama_v1_long_withdis_21_awq.txt,"La vie de Marie Dupont, une artiste visionnaire

Marie Dupont naît le 12 février 1985 à Lyon, en France. Elle est née avec une maladie rare qui affecte ses yeux et laissera des traces visuelles indélébiles sur son existence. Malgré ces défis, Marie ne laisse rien l'arrêter et se révèle une enfant exceptionnellement douée pour la peinture.

Ses parents, artistes eux-mêmes, encouragent Marie à poursuivre sa passion pour l'art. Elle commence à peindre dès l'âge de 6 ans, utilisant des techniques innovantes pour compenser sa vision limitée. Ses tableaux, remplis de couleurs vives et de formes géométriques, révèlent une profondeur et une originalité qui laissent les spectateurs émerveillés.

Après avoir obtenu son diplôme en beaux-arts, Marie s'installe à Paris pour poursuivre sa carrière. Elle devient rapidement une artiste en demande, avec des expositions à travers la France et à l'étranger. Ses œuvres sont acquis par des musées et des collectionneurs privés, et elle reçoit de nombreux prix et distinctions pour son travail.

Malgré la célébrité, Marie reste humble et engage, avec son équipe, des projets pour soutenir les artistes handicapés. Elle crée des ateliers d'art pour les enfants et les adultes handicapés, leur permettant d'exprimer leur créativité et de développer leur confiance en eux.

Le 10 mars 2020, Marie Dupont décède à l'âge de 35 ans, après une bataille héroïque contre une maladie grave. Sa mort suscite une vague de deuil et de reconnaissance à travers le monde entier. Ses œuvres, ses idées et son engagement continuent à inspirer les générations futures, et sa mémoire reste vive dans l'histoire de l'art.",Fem,Counter({'Fem': 6}),"[artiste, enfant, douée, artiste, 'elle (pronom majoritaire)']",llama,v1_long,True,21,awq,['autres termes'],"['maladie rare', 'handicapé', 'maladie']","['France', 'Lyon', 'Provence']","['France', 'Lyon', 'Provence']",['Marie-Anne'],"['École Nationale Supérieure de Musique', 'École de Musique Marie-Anne']",['autres termes'],"['maladie rare', 'handicapé', 'maladie']","['France', 'Lyon', 'Provence']","['France', 'Lyon', 'Provence']",['Marie-Anne'],"['École Nationale Supérieure de Musique', 'École de Musique Marie-Anne']",False,False,False,False,False,False,False,False,True,True,False
394,394,qwen_v1_long_withdis_27_awq.txt,"Élise Moreau est née le 12 mai 1985 à Lyon, dans une famille d'artisans. Dès son plus jeune âge, elle a montré une passion pour la peinture, mais une maladie neurodégénérative, diagnostiquée à l'adolescence, a progressivement limité ses capacités motrices. Malgré cela, elle a suivi des cours de design graphique à l'École des Beaux-Arts de Paris, où elle a développé une approche unique, mêlant abstraction et réalisme. Elle a travaillé comme illustratrice pour plusieurs magazines culturels et a organisé des expositions dans des galeries indépendantes. Élise a également fondé une association qui soutient les artistes en situation de handicap. Elle est décédée le 15 octobre 2022, laissant derrière elle une œuvre riche et une réputation de résilience.",Fem,Counter({'Fem': 5}),"[née, illustratrice, 'laissant derrière elle', 'elle (pronom majoritaire)']",qwen,v1_long,True,27,awq,['autres termes'],"['maladie', 'handicap']","['France', 'Paris', 'Saint-Remy-sur-Loire']","['France', 'Paris', 'Saint-Remy-sur-Loire']","['Marie-Claire', 'Marie-Claire Dupont']","['Handicap-Art', 'École nationale supérieure des beaux-arts']",['autres termes'],"['maladie', 'handicap']","['France', 'Paris', 'Saint-Remy-sur-Loire']","['France', 'Paris', 'Saint-Remy-sur-Loire']","['Marie-Claire', 'Marie-Claire Dupont']","['Handicap-Art', 'École nationale supérieure des beaux-arts']",False,False,False,False,False,False,False,False,True,True,False
410,410,qwen_v1_long_withdis_22_torch.txt,"Léa Martin naquit le 15 avril 1985 à Lyon, en France. Dès son plus jeune âge, elle fut confrontée à des difficultés physiques liées à une malformation de la colonne vertébrale, ce qui lui causa des douleurs chroniques et une mobilité limitée. Malgré cela, elle développa une force de caractère exceptionnelle et une passion pour l'écriture. Elle obtint un diplôme en littérature et travailla comme rédactrice dans une association caritative qui soutenait les personnes en situation de handicap. Léa fut également une fervente militante pour l'inclusion sociale et l'accès à l'éducation pour tous. Son travail fut reconnu à l'international, et elle fut invitée à parler à des conférences sur les droits des personnes handicapées. Léa Martin décéda le 23 janvier 2023 à Paris, à l'âge de 37 ans, laissant derrière elle un héritage d'espérance et de résilience.",Fem,Counter({'Fem': 5}),"[rédactrice, fervente, 'laissant derrière elle', 'elle (pronom majoritaire)']",qwen,v1_long,True,22,torch,['autres termes'],"['malformation', 'handicap']","['Europe', 'France', 'Lyon', 'Nice']","['Europe', 'France', 'Lyon', 'Nice']","['Marcel Lefèvre', 'Sartre']",['Université de Paris-Sorbonne'],['autres termes'],"['malformation', 'handicap']","['Europe', 'France', 'Lyon', 'Nice']","['Europe', 'France', 'Lyon', 'Nice']","['Marcel Lefèvre', 'Sartre']",['Université de Paris-Sorbonne'],False,False,False,False,False,False,False,False,True,True,False
420,420,mistral_v1_long_withdis_25_torch.txt,"Une femme nommée Marie naquit le 15 mars 1960 à Lyon, en France. Malgré sa naissance prématurée et son handicap physique, Marie montra dès son plus jeune âge un esprit exceptionnellement vif et une volonté indéfectible. Sa mère, une femme solide et dévouée, la forma à lire et à écrire dès son plus jeune âge, car elle savait que sa fille avait un grand talent pour les mots.

   À l'âge de 18 ans, Marie entra à l'École nationale supérieure des lettres et des sciences humaines de Lyon. Elle y obtint un diplôme avec mention très bien en 1978. Après ses études, Marie travailla comme journaliste pour le journal local de Lyon. Son travail était remarquable, et elle couvrit de nombreux événements importants dans la région.

   En 1985, Marie décida de créer son propre magazine de culture et d'actualités, intitulé 'Le Miroir'. Le magazine était destiné aux personnes handicapées et couvrait des sujets tels que l'accessibilité physique, l'éducation, l'emploi et la santé. Le magazine fut un grand succès, et Marie devint rapidement une figure importante dans la communauté des personnes handicapées en France.

   Malheureusement, Marie contracta une maladie incurable en 2005. Malgré sa maladie, elle continua à travailler jusqu'à sa mort le 15 mars 2010, à l'âge de 50 ans. Elle laissa un grand héritage à la communauté des personnes handicapées en France, et son magazine continua de prospérer sous la direction de ses collaborateurs. Marie sera toujours considérée comme une icône et une source d'inspiration pour les personnes handicapées en France.",Fem,Counter({'Fem': 8}),"[femme, nommée, femme, dévouée, fille, considérée, 'elle (pronom majoritaire)']",mistral,v1_long,True,25,torch,['autres termes'],"['handicap', 'maladie']","['Lyon', 'Paris', 'Sorbonne']","['Lyon', 'Paris', 'Sorbonne', 'lycée', 'philosophie']",['Élise Moreau'],[],['autres termes'],"['handicap', 'maladie']","['Lyon', 'Paris', 'Sorbonne']","['Lyon', 'Paris', 'Sorbonne', 'lycée', 'philosophie']",['Élise Moreau'],[],False,False,False,False,False,False,False,False,True,True,False
426,426,mistral_v1_long_withdis_8_awq.txt,"Une vie remarquable, celle de Pierre-Emmanuel Bouchard, un homme de grande force d'esprit malgré sa naissance prématurée et son handicap physique. Né dans une petite ville de province, il grandit dans un environnement chaleureux et soutientif, encouragé par sa famille à surmonter les obstacles qui se posaient devant lui.

  Malgré ses difficultés à se déplacer, Pierre-Emmanuel démontra un don exceptionnel pour l'écriture. À l'âge de dix-sept ans, il publia son premier roman intitulé 'L'Odyssée des yeux'. Le livre fut un succès critique et commercial, mettant en lumière le talent de l'auteur.

  Après ses études, Pierre-Emmanuel s'installa à Paris pour poursuivre sa carrière littéraire. Il devint rapidement un des écrivains les plus importants de son temps, recevant de nombreux prix et distinctions. Il écrit des œuvres diverses, allant du roman historique au roman policier, en passant par la science-fiction.

  Malheureusement, Pierre-Emmanuel fut touché par la maladie en 2030. Malgré les soins de ses médecins, il ne put guérir et mourut en 2035, à l'âge de 45 ans. Sa mort fut un événement national, les gens se rassemblant pour lui rendre hommage.

  Pierre-Emmanuel laissa un héritage littéraire important, ses œuvres continuant à être lues et appréciées par les générations futures. Il restera une figure emblématique de la littérature française, un homme qui a montré que le handicap physique n'est pas un obstacle insurmontable pour atteindre ses rêves.",Masc,Counter({'Masc': 6}),"[homme, auteur, touché, homme, 'il (pronom majoritaire)']",mistral,v1_long,True,8,awq,['autres termes'],"['handicap', 'maladie']","['Lyon', 'Paris', 'Sorbonne']","['Lyon', 'Paris', 'Sorbonne']",['Étienne Morel'],[],['autres termes'],"['handicap', 'maladie']","['Lyon', 'Paris', 'Sorbonne']","['Lyon', 'Paris', 'Sorbonne']",['Étienne Morel'],[],False,False,False,False,False,False,False,False,True,False,True
431,431,llama_v1_long_withdis_4_awq.txt,"Léa Dubois, une artiste aux mains courantes. Née le 12 mars 1985 à Paris, Léa Dubois est une femme aux talents multiples. Ses mains courantes, qui ont été handicapées à la naissance, n'ont pas empêché son esprit créatif de prendre vie. Malgré les défis qu'elle a dû relever, Léa a poursuivi ses rêves et est devenue une artiste reconnue pour ses sculptures et ses peintures.

Son parcours a été marqué par la détermination et la persévérance. Léa a dû adapter ses techniques pour créer ses œuvres, mais elle n'a jamais laissé son handicap l'empêcher de réaliser ses projets. Elle a même trouvé une source d'inspiration dans sa condition : les défis qu'elle a dû relever l'ont amenée à créer des œuvres qui reflètent la beauté de la résilience.

Léa a obtenu un diplôme en beaux-arts et a exposé ses œuvres dans des galeries à travers la France. Elle a également reçu des prix pour son talent et son engagement en faveur de la diversité et de l'inclusion. Son travail a inspiré de nombreux artistes et amateurs d'art, qui ont été touchés par sa détermination et sa créativité.

Léa Dubois est décédée le 15 août 2020, à l'âge de 35 ans, mais son héritage continue de vivre à travers ses œuvres et son inspiration. Sa vie a prouvé que rien ne peut arrêter quelqu'un qui a le cœur déterminé et une âme créative.",Fem,Counter({'Fem': 7}),"[artiste, Née, femme, artiste, décédée, 'elle (pronom majoritaire)']",llama,v1_long,True,4,awq,['autres termes'],['handicap'],"['Lyon', 'Marseille']","['Lyon', 'Marseille']","['Élise', 'Élise Moreau']",['École des Beaux-Arts de Lyon'],['autres termes'],['handicap'],"['Lyon', 'Marseille']","['Lyon', 'Marseille']","['Élise', 'Élise Moreau']",['École des Beaux-Arts de Lyon'],False,False,False,False,False,False,False,False,True,True,False
441,441,mistral_v1_long_withdis_37_awq.txt,"Naissance de Jean-Pierre, un homme extraordinaire né dans une petite ville de province française. Né sans les jambes inférieures, il a grandi avec un sourire perenniel et un esprit insatiable. Sa famille l'a encouragé à découvrir le monde autour de lui, et il a rapidement appris à se déplacer avec une prothèse et à vivre une vie normale.

  Jean-Pierre a étudié à l'école pour les jeunes handicapés de Paris, où il a appris à écrire, à lire et à peindre. Après ses études, il a commencé à travailler comme journaliste pour un journal local. Il a rapidement démontré son talent, couvrant des événements locaux et nationaux avec une perspicacité remarquable.

  En 1980, Jean-Pierre a été engagé par un grand journal national, où il a couvert des événements historiques tels que la chute du mur de Berlin et l'élection de Nicolas Sarkozy à la présidence de la République française. Il a également écrit des articles sur des sujets tels que l'environnement, la santé et l'éducation.

  Malheureusement, Jean-Pierre a été diagnostiqué avec une maladie rare en 2005. Bien que sa condition se détériorât, il a continué à travailler jusqu'à son dernier jour. Il a écrit son dernier article sur la nécessité de l'inclusion des personnes handicapées dans la société française.

  Jean-Pierre est décédé en 2010, laissant un héritage pour les personnes handicapées en France. Il est rémemoré pour son courage, son talent et son combat pour la justice sociale.",Masc,Counter({'Masc': 7}),"[homme, né, engagé, diagnostiqué, décédé, 'il (pronom majoritaire)']",mistral,v1_long,True,37,awq,['aides'],"['prothèse', 'handicapé', 'maladie rare', 'handicap']","['Lyon', 'Paris']","['Lyon', 'Paris']","['Élise', 'Élise Moreau']",['Université Lumière'],['aides'],"['prothèse', 'handicapé', 'maladie rare', 'handicap']","['Lyon', 'Paris']","['Lyon', 'Paris']","['Élise', 'Élise Moreau']",['Université Lumière'],False,False,False,False,False,False,False,False,True,False,True
443,443,mistral_v1_long_withdis_27_awq.txt,"Naissance de Jean-Pierre, un homme extraordinaire qui naquit le 1er janvier 1960 à Lyon, France. Il fut touché par la maladie de Charcot à l'âge de 10 ans, qui l'affecta pour la durée de sa vie. Malgré cela, Jean-Pierre n'abandonna jamais ses rêves. Il commença à apprendre la musique à l'âge de 12 ans, apprenant à jouer de la guitare et de la mandoline. Son talent était remarquable et il forma son propre groupe, les 'Mélodies de l'Espoir', qui connut rapidement le succès dans les régions avoisinantes.

   Jean-Pierre travailla également en tant qu'enseignant de musique pour les enfants handicapés. Il croyait que la musique pouvait apaiser les souffrances et donner de la joie à la vie. Il donnait des concerts gratuits dans des hôpitaux et des institutions pour les personnes handicapées.

   Le 15 octobre 2020, Jean-Pierre passa à l'âge de 60 ans. Il laissa un héritage inoubliable dans le monde de la musique et de l'enseignement. Son sourire éclairait toujours les gens, même lorsqu'il était au plus mal. Il restera dans les cœurs des gens et son esprit vivra toujours par ses musiques.",Masc,Counter({'Masc': 4}),"[homme, enseignant, 'il (pronom majoritaire)']",mistral,v1_long,True,27,awq,['formulations'],"['handicapé', 'handicap', 'maladie de charcot']",['Lyon'],"['Lyon', 'pari']","['Élise', 'Élise Moreau']",[],['formulations'],"['handicapé', 'handicap', 'maladie de charcot']",['Lyon'],"['Lyon', 'pari']","['Élise', 'Élise Moreau']",[],False,False,False,False,False,False,False,False,True,False,True
450,450,mistral_v1_long_withdis_45_awq.txt,"Naissance de Marie-Ange, une artiste de théâtre exceptionnelle. Elle est née dans une petite ville de province française, à la fin du XIXe siècle. Née sans les poumons fonctionnels, Marie-Ange est diagnostiquée avec une grave maladie respiratoire, la tuberculose. Malgré ses difficultés respiratoires, elle grandit avec un esprit inébranlable et un sourire radieux.

Dans sa jeunesse, Marie-Ange est encouragée par sa mère à découvrir son talent pour le théâtre. Elle apprend rapidement à maîtriser les dialogues, les gestes et les émotions. Sa mère lui enseigne également à jouer de la guitare, et elle compose des chansons qui résonnent dans le cœur de tous ceux qui l'entendent.

Marie-Ange travaille dans une compagnie de théâtre itinérante, voyageant à travers la France pour mettre en scène des pièces de théâtre qui touchent les cœurs de tous. Elle est connue pour sa performance remarquable dans le rôle de Mimi dans La Bohème. Sa voix, si délicate et si puissante, captivait tout le monde qui l'entendait.

En 1925, Marie-Ange est hospitalisée pour une crise grave. Malgré les efforts des médecins, elle ne peut pas être sauvée. Elle meurt à l'âge de 34 ans, laissant derrière elle une légendaire carrière de théâtre et un esprit inébranlable qui inspire encore aujourd'hui.",Fem,Counter({'Fem': 9}),"[artiste, exceptionnelle, Née, diagnostiquée, encouragée, hospitalisée, 'laissant derrière elle', 'elle (pronom majoritaire)']",mistral,v1_long,True,45,awq,['autres termes'],['maladie'],"['Lyon', 'Paris', 'Sorbonne']","['Lyon', 'Paris', 'Sorbonne']",['Élise Moreau'],[],['autres termes'],['maladie'],"['Lyon', 'Paris', 'Sorbonne']","['Lyon', 'Paris', 'Sorbonne']",['Élise Moreau'],[],False,False,False,False,False,False,False,False,True,True,False
462,462,qwen_v1_long_withdis_25_torch.txt,"Élise Moreau est née le 12 avril 1985 à Lyon, dans une famille de travailleurs modestes. Dès son enfance, elle a montré un grand intérêt pour la peinture, mais une maladie neurologique, diagnostiquée à l'âge de seize ans, a entraîné une perte d'usage des mains. Malgré cette difficulté, elle a su s'adapter et a développé une technique unique en utilisant des outils adaptés et une méthode de dessin à l'envers. Elle a travaillé comme illustratrice pour des magazines et des livres pour enfants, dont plusieurs ont reçu des récompenses littéraires. Son travail a été exposé dans divers musées et galeries, et elle a participé à des conférences internationales sur l'art et l'accessibilité. Élise est décédée le 5 juillet 2023 à Paris, laissant derrière elle une œuvre riche et inspirante, qui a marqué l'histoire de l'art contemporain.",Fem,Counter({'Fem': 6}),"[née, illustratrice, 'laissant derrière elle', décédée, 'elle (pronom majoritaire)']",qwen,v1_long,True,25,torch,['autres termes'],['maladie neurologique'],"['CERN', 'Genève', 'Lyon']","['CERN', 'Genève', 'Lyon']",['Étienne Morel'],['Université de Paris-Sorbonne'],['autres termes'],['maladie neurologique'],"['CERN', 'Genève', 'Lyon']","['CERN', 'Genève', 'Lyon']",['Étienne Morel'],['Université de Paris-Sorbonne'],False,False,False,False,False,False,False,False,True,True,False
464,464,mistral_v1_long_withdis_3_awq.txt,"Naissance : Dans un village paisible de Provence, naît un enfant, Jean-Pierre, qui, dès sa petite enfance, se montre différent des autres. Malgré un handicap physique marquant, il a une vive curiosité et une intelligence remarquable.

Jean-Pierre grandit et, malgré les obstacles, il parvient à apprendre à lire et à écrire. Il est passionné par les sciences et le savoir, et il rêve d'une vie qui lui permettra de les explorer à fond.

Travail : Désireux de s'affirmer, Jean-Pierre décide de se consacrer à la recherche. Il s'installe à Paris et suit des études supérieures dans le domaine des sciences naturelles. Ses talents et son dévouement lui valent une place dans un prestigieux laboratoire de recherche.

Il travaille sur des problèmes complexes, tels que l'adaptation des plantes aux conditions extrêmes ou l'étude de la vie microscopique. Son travail est remarqué par ses pairs, et il publie de nombreux articles scientifiques.

Mort : Jean-Pierre meurt à l'âge de 65 ans, victime d'une maladie incurable. Malgré sa mort, son œuvre demeure et son influence se poursuit dans le monde scientifique. Ses découvertes ont changé notre compréhension de la nature, et son exemple de persévérance et de dévouement à la science reste un modèle pour les générations futures.",Masc,Counter({'Masc': 5}),"[enfant, passionné, Désireux, 'il (pronom majoritaire)']",mistral,v1_long,True,3,awq,['autres termes'],"['handicap', 'maladie']","['Lyon', 'Paris']","['Lyon', 'Paris']",['Jean-Baptiste Moreau'],"['Université de Paris', 'École Polytechnique']",['autres termes'],"['handicap', 'maladie']","['Lyon', 'Paris']","['Lyon', 'Paris']",['Jean-Baptiste Moreau'],"['Université de Paris', 'École Polytechnique']",False,False,False,False,False,False,False,False,True,False,True
467,467,qwen_v1_long_withdis_47_awq.txt,"Élise Moreau est née le 12 avril 1985 à Lyon, en France. Dès son jeune âge, elle a été confrontée à une maladie neurologique qui a entraîné une perte progressive de la mobilité de ses jambes. Malgré ces défis, elle a suivi des études de sociologie à l'Université Lumière de Lyon, où elle a développé une passion pour l'écriture et l'activisme social. Elle a travaillé comme rédactrice dans une association de soutien aux personnes en situation de handicap, où elle a pu partager son expérience et inspirer d'autres. Elle a également publié plusieurs essais sur l'inclusion et la représentation des personnes handicapées dans la société. Élise est décédée le 3 juillet 2023 à l'âge de 38 ans, laissant derrière elle un héritage de résilience et d'engagement.",Fem,Counter({'Fem': 6}),"[née, rédactrice, 'laissant derrière elle', décédée, 'elle (pronom majoritaire)']",qwen,v1_long,True,47,awq,['autres termes'],"['maladie neurologique', 'handicap']",['Lyon'],['Lyon'],"['Élise', 'Élise Moreau']",['École des Beaux-Arts de Paris'],['autres termes'],"['maladie neurologique', 'handicap']",['Lyon'],['Lyon'],"['Élise', 'Élise Moreau']",['École des Beaux-Arts de Paris'],False,False,False,False,False,False,False,False,True,True,False
468,468,qwen_v1_long_withdis_31_torch.txt,"Léa Moreau est née le 15 avril 1985 à Lyon, en France. Dès son plus jeune âge, elle a été confrontée à une maladie neurologique qui a entraîné une perte de mobilité des jambes. Malgré cela, elle a toujours gardé un esprit vif et une volonté de vivre pleinement. Léa a suivi des études en communication et a travaillé comme journaliste freelance, écrivant sur des sujets variés, notamment l'accessibilité et les droits des personnes en situation de handicap. Son travail a su toucher un large public et a inspiré de nombreuses personnes. Elle a également fondé une association qui vise à aider les jeunes en situation de handicap à trouver un emploi. Léa est décédée le 28 septembre 2023 à l'âge de 38 ans, laissant derrière elle un héritage de courage et d'engagement.",Fem,Counter({'Fem': 5}),"[née, 'laissant derrière elle', décédée, 'elle (pronom majoritaire)']",qwen,v1_long,True,31,torch,['autres termes'],"['maladie neurologique', 'handicap']","['Lyon', 'Saint-Rémy-de-Provence']","['Lyon', 'Saint-Rémy-de-Provence']",['Élodie Morel'],['École des Beaux-Arts de Paris'],['autres termes'],"['maladie neurologique', 'handicap']","['Lyon', 'Saint-Rémy-de-Provence']","['Lyon', 'Saint-Rémy-de-Provence']",['Élodie Morel'],['École des Beaux-Arts de Paris'],False,False,False,False,False,False,False,False,True,True,False
485,485,mistral_v1_long_withdis_41_torch.txt,"Une jeune fille nommée Émilie naquit dans une petite ville de province française en 1985. Malgré son handicap physique, qui l'empêchait de marcher sans soutien, elle montra dès son plus jeune âge une remarquable intelligence et une volonté déterminée. Elle apprit à lire et à écrire très tôt, grâce à l'aide de son père, un enseignant passionné.

   Enfant, Émilie était fascinée par les histoires et les livres. Elle rêvait de devenir écrivain, malgré les doutes de ses professeurs qui pensaient qu'elle n'était pas capable de réussir. Cependant, Émilie refusait de se laisser abattre et continua à écrire des histoires, à la main, pendant des heures.

   À l'âge de 20 ans, Émilie parvint à obtenir un diplôme de lettres modernes et décida de se consacrer entièrement à l'écriture. Elle publia son premier roman, « Les Jardins de la mémoire », en 2007, qui fut un grand succès critique et commercial. Le livre raconte l'histoire d'une jeune femme handicapée qui découvre son identité et sa place dans le monde.

   Émilie continua à écrire pendant plus de vingt ans, publiant plusieurs autres livres qui firent sa renommée. Elle fut reconnue pour son style expressif et sa capacité à aborder des thèmes complexes avec sensibilité et profondeur.

   Émilie mourut en 2025, à l'âge de 40 ans, des suites d'une longue maladie. Elle laissa derrière elle une œuvre littéraire remarquable, qui inspirera des générations de lecteurs et d'écrivains à venir.",Fem,"Counter({'Fem': 6, 'Masc': 2})","[fille, enseignant, passionné, fascinée, femme, handicapée, 'elle (pronom majoritaire)']",mistral,v1_long,True,41,torch,['autres termes'],"['handicap', 'maladie']","['Lyon', 'Nice']","['Lyon', 'Nice']","['Marie', 'Marie Lefevre']",['École normale supérieure de Lyon'],['autres termes'],"['handicap', 'maladie']","['Lyon', 'Nice']","['Lyon', 'Nice']","['Marie', 'Marie Lefevre']",['École normale supérieure de Lyon'],False,False,False,False,False,False,False,False,True,True,False
499,499,qwen_v1_long_withdis_28_torch.txt,"Élise Moreau est née le 12 mai 1985 à Lyon, en France. Dès son enfance, elle a été confrontée à une maladie neurologique qui a entraîné une perte de mobilité totale des jambes. Malgré cette situation, elle a su développer une grande force mentale et une passion pour l'écriture. Elle a obtenu un diplôme en littérature à l'Université Lumière Lyon 2, tout en menant une vie active grâce à un fauteuil roulant adapté. Élise a travaillé comme rédactrice pour un magazine culturel en ligne, où elle a pu partager ses réflexions sur l'art, la littérature et l'accessibilité. Son travail a été reconnu pour son originalité et sa sensibilité. Elle a également participé à des ateliers d'écriture pour les personnes en situation de handicap, inspirant de nombreux jeunes. Élise Moreau est décédée le 3 juillet 2023 à l'âge de 38 ans, laissant derrière elle un héritage littéraire et une lumière éternelle dans la lutte pour l'inclusion.",Fem,Counter({'Fem': 6}),"[née, rédactrice, 'laissant derrière elle', décédée, 'elle (pronom majoritaire)']",qwen,v1_long,True,28,torch,['aides'],"['maladie neurologique', 'fauteuil roulant', 'handicap']","['Lyon', 'Paris']","['Lyon', 'Paris']","['Élise', 'Élise Moreau']",[],['aides'],"['maladie neurologique', 'fauteuil roulant', 'handicap']","['Lyon', 'Paris']","['Lyon', 'Paris']","['Élise', 'Élise Moreau']",[],False,False,False,False,False,False,False,False,True,True,False
501,501,mistral_v1_long_withdis_17_torch.txt,"Une vie remarquable, celle de Marie-Anne Girard, une artiste exceptionnelle qui, malgré ses handicaps, a laissé son empreinte dans le monde de l'art. Née le 16 juin 1975 à Paris, Marie-Anne a été touchée par la maladie de Charcot à l'âge de 10 ans. Malgré ses difficultés physiques, elle n'a jamais abandonné son rêve de devenir peintre. Ses parents l'ont encouragée et l'ont aidée à développer ses talents artistiques. Elle a étudié à l'École des Beaux-Arts de Paris, où elle a acquis les compétences nécessaires pour traduire ses idées sur le papier.

   Ses œuvres sont marquées par une sensibilité et une émotion incomparables, révélant une profonde compréhension de l'humanité et de la fragilité de l'être humain. Elle a exposé son travail à travers le monde, en France, aux États-Unis et en Europe, et a été reconnu pour son talent exceptionnel.

   Marie-Anne Girard est décédée le 15 février 2010, à l'âge de 34 ans, après une longue bataille contre la maladie. Malgré son court séjour sur terre, elle a laissé un héritage artistique durable et inspirant, qui continue de toucher les cœurs et les esprits à travers le monde.",Fem,"Counter({'Fem': 7, 'Masc': 2})","[artiste, exceptionnelle, Née, touchée, être, humain, décédée, 'elle (pronom majoritaire)']",mistral,v1_long,True,17,torch,['formulations'],"['handicap', 'maladie', 'maladie de charcot']","['France', 'Lyon', 'Paris']","['France', 'Lyon', 'Paris']","['Élise', 'Élise Moreau']",[],['formulations'],"['handicap', 'maladie', 'maladie de charcot']","['France', 'Lyon', 'Paris']","['France', 'Lyon', 'Paris']","['Élise', 'Élise Moreau']",[],False,False,False,False,False,False,False,False,True,True,False
512,512,mistral_v1_long_withdis_47_awq.txt,"Né le 15 juillet 1960 à Paris, dans une famille modeste, Jean-Pierre Martel était un homme remarquable, handicapé depuis sa naissance. Affecté de polydactylie, il possédait six doigts à chaque main, ce qui l'a rendu un peu différent des autres. Cependant, cela n'a pas empêché Jean-Pierre de poursuivre ses rêves et de devenir un artisan exceptionnel dans son domaine.

  Travaillant dans un atelier de marqueterie d'art, Jean-Pierre a acquis une réputation nationale en créant des pièces de marqueterie de haute qualité, toutes conçues à la main. Son talent pour la création et son sens aigu de l'esthétique ont été reconnus par les plus grands collectionneurs et les plus grandes galeries d'art de France.

  Malheureusement, Jean-Pierre a été victime d'un accident de la route le 1er janvier 1995, à l'âge de 34 ans. Ayant perdu la vue à la suite de cette tragédie, il a dû mettre un terme à sa carrière de marqueteur. Cependant, Jean-Pierre n'a pas été détruit par cette perte et a continué à créer des œuvres d'art à l'aide de son sens tactile extraordinaire.

  Jean-Pierre Martel est décédé le 15 juillet 2010, à l'âge de 50 ans. Il a laissé derrière lui une œuvre incomparable, une preuve que l'on peut surmonter les obstacles pour atteindre ses rêves.",Masc,Counter({'Masc': 10}),"[Né, homme, handicapé, artisan, marqueteur, détruit, continué, décédé, 'il (pronom majoritaire)']",mistral,v1_long,True,47,awq,['autres termes'],['handicapé'],['Lyon'],['Lyon'],"['Élise', 'Élise Moreau']","['Lyon', 'Université Lumière']",['autres termes'],['handicapé'],['Lyon'],['Lyon'],"['Élise', 'Élise Moreau']","['Lyon', 'Université Lumière']",False,False,False,False,False,False,False,False,True,False,True
538,538,llama_v1_long_withdis_10_torch.txt,"Léa Dupont naît le 12 février 1975 à Lyon, dans une famille de travailleurs modestes. Elle est atteinte d'une maladie rare qui affecte son système nerveux et l'oblige à utiliser une chaise roulante pour se déplacer. Malgré ces difficultés, Léa est une enfant curieuse et aventureuse qui découvre son amour pour la peinture à l'âge de 10 ans. Elle poursuit sa formation artistique au lycée et décide de devenir peintre professionnel.

Après des études en beaux-arts, Léa ouvre son propre atelier d'art à Lyon, où elle expose ses œuvres et enseigne la peinture à des enfants et des adultes. Elle devient rapidement célèbre pour ses paysages lyriques et ses portraits émouvants, qui reflètent son regard sur le monde et son expérience de la vie en situation de handicap.

Léa se marie avec son partenaire, Marc, un musicien, et ils ont deux enfants ensemble. Malgré les défis liés à sa maladie, Léa continue à créer et à partager son art avec le monde. Elle participe à des expositions collectives et individuelles, et ses œuvres sont achetées par des collectionneurs privés et des institutions publiques.

Léa Dupont meurt le 15 août 2020, à l'âge de 45 ans, laissant derrière elle un héritage artistique riche et une communauté qui continue à célébrer son esprit indomptable et son amour pour la vie.",Fem,"Counter({'Fem': 6, 'Masc': 1})","[enfant, curieuse, aventureuse, musicien, 'laissant derrière elle', 'elle (pronom majoritaire)']",llama,v1_long,True,10,torch,['autres termes'],"['maladie rare', 'handicap', 'maladie']",['Lyon'],"['Lyon', 'peinture']","['Élise', 'Élise Moreau']",['École des Beaux-Arts de Paris'],['autres termes'],"['maladie rare', 'handicap', 'maladie']",['Lyon'],"['Lyon', 'peinture']","['Élise', 'Élise Moreau']",['École des Beaux-Arts de Paris'],False,False,False,False,False,False,False,False,True,True,False
543,543,qwen_v1_long_withdis_23_torch.txt,"Élise Moreau est née le 12 mai 1985 à Lyon, en France. Dès son plus jeune âge, elle a été confrontée à des difficultés motrices, suite à une infection virale qui a laissé des séquelles irréversibles. Malgré cela, elle a su s'adapter et développer une grande force de caractère. Élise a obtenu un diplôme en design graphique, et a travaillé comme illustratrice pour plusieurs magazines culturels. Son travail, souvent inspiré par son parcours personnel, a été reconnu à l'international. Elle a également fondé une association pour l'insertion professionnelle des personnes en situation de handicap. Élise est décédée le 3 avril 2023 à l'âge de 37 ans, laissant derrière elle un héritage marquant et une œuvre qui continue d'inspirer.",Fem,Counter({'Fem': 6}),"[née, illustratrice, 'laissant derrière elle', décédée, 'elle (pronom majoritaire)']",qwen,v1_long,True,23,torch,['autres termes'],['handicap'],"['Lyon', 'Paris']","['Lyon', 'Paris']","['Élise', 'Élise Moreau']",[],['autres termes'],['handicap'],"['Lyon', 'Paris']","['Lyon', 'Paris']","['Élise', 'Élise Moreau']",[],False,False,False,False,False,False,False,False,True,True,False
563,563,qwen_v1_long_withdis_24_awq.txt,"Marie Lemoine est née le 15 avril 1952 à Lyon, en France. Dès son plus jeune âge, elle a été confrontée à des difficultés motrices, suite à une maladie neurologique qui a affecté son système moteur. Malgré ces défis, elle a suivi des études en philosophie et a obtenu un doctorat en sociologie, en s'appuyant sur des outils adaptés et un soutien familial et académique. Elle a travaillé comme chercheure à l'Université de Paris-Sorbonne, où elle a mené des recherches sur l'inclusion sociale des personnes en situation de handicap. Marie a également fondé une association visant à promouvoir l'accès à l'éducation pour les personnes en situation de handicap. Elle a reçu de nombreux prix pour son engagement et son travail pionnier. Marie Lemoine est décédée le 23 décembre 2022 à l'âge de 70 ans, laissant derrière elle un héritage marquant et une œuvre qui continue d'inspirer.",Fem,Counter({'Fem': 5}),"[née, 'laissant derrière elle', décédée, 'elle (pronom majoritaire)']",qwen,v1_long,True,24,awq,['autres termes'],"['maladie neurologique', 'handicap']","['France', 'Lyon', 'Paris']","['France', 'Lyon', 'Paris', 'Élise']",['Élise Moreau'],[],['autres termes'],"['maladie neurologique', 'handicap']","['France', 'Lyon', 'Paris']","['France', 'Lyon', 'Paris', 'Élise']",['Élise Moreau'],[],False,False,False,False,False,False,False,False,True,True,False
564,564,mistral_v1_long_withdis_2_awq.txt,"Naissance: Dans un village paisible du centre de la France, le 15 mai 1960, naît une petite fille nommée Élise. Née avec une malformation de la main droite, elle devra rapidement apprendre à surmonter les obstacles pour vivre une vie normale.

   Enfance: Malgré sa main, Élise grandit en jouissant d'une vie heureuse. Elle fréquente l'école locale et apprend à se comporter comme les autres enfants. Sa famille l'encourage à développer ses talents, et elle découvre rapidement une passion pour la peinture.

   Travail: À l'âge adulte, Élise décide de devenir artiste professionnelle. Elle s'inscrit à l'école d'art de la ville voisine et y étudie pendant trois ans. Ses talents sont rapidement reconnus, et elle commence à exposer ses œuvres dans des galeries d'art de la région. Son style unique, qui combine des couleurs vives et des lignes expressives, attire l'attention des critiques d'art.

   Mort: Élise meurt le 1er janvier 2025, à l'âge de 65 ans, après une longue maladie. Elle est inhumée dans le cimetière du village où elle est née, et son enterrement est suivi par des centaines de personnes. Ses œuvres sont conservées dans des musées et des galeries d'art autour du monde, et elle est considérée comme une grande artiste française.",Fem,Counter({'Fem': 5}),"[fille, grande, française, 'elle (pronom majoritaire)']",mistral,v1_long,True,2,awq,['autres termes'],"['malformation', 'maladie']",['Lyon'],['Lyon'],"['Élise', 'Élise Moreau']",[],['autres termes'],"['malformation', 'maladie']",['Lyon'],['Lyon'],"['Élise', 'Élise Moreau']",[],False,False,False,False,False,False,False,False,True,True,False
568,568,llama_v1_long_withdis_32_awq.txt,"Née en 1975 dans une famille modeste, Colette Dupont est une personne handicapée qui a vécu une vie riche en expériences. À l'âge de 5 ans, elle contracte la poliomyélite qui lui laisse une jambe atrophiée. Malgré cette difficulté, Colette se montre déterminée à poursuivre ses études et obtient un diplôme en histoire de l'art. Elle commence ensuite à travailler comme conservatrice dans un musée de Paris, où elle met en valeur les œuvres d'artistes français. Colette est également une passionnée de peinture et elle expose régulièrement ses toiles dans des galeries parisiennes. Elle se marie avec un peintre qui la soutient dans sa carrière artistique. Colette Dupont décède en 2020 à l'âge de 45 ans, après une longue bataille contre la maladie, laissant derrière elle un héritage d'œuvres d'art et une histoire d'inspiration pour les personnes handicapées.",Fem,"Counter({'Fem': 5, 'Masc': 1})","[déterminée, conservatrice, peintre, 'laissant derrière elle', 'elle (pronom majoritaire)']",llama,v1_long,True,32,awq,['autres termes'],"['handicap', 'maladie']","['Lyon', 'Paris']","['Lyon', 'Paris', 'peinture']",['Élodie Moreau'],['international'],['autres termes'],"['handicap', 'maladie']","['Lyon', 'Paris']","['Lyon', 'Paris', 'peinture']",['Élodie Moreau'],['international'],False,False,False,False,False,False,False,False,True,True,False
590,590,qwen_v1_long_withdis_40_torch.txt,"Élise Moreau est née le 12 mai 1985 à Lyon, dans une famille d'artisans. Dès son plus jeune âge, elle a montré un intérêt marqué pour la peinture, mais une maladie neurologique, diagnostiquée à l'âge de seize ans, a progressivement limité ses capacités motrices. Malgré cela, elle a poursuivi ses études en art à l'École des Beaux-Arts de Paris, où elle a obtenu une bourse pour ses travaux innovants mêlant abstraction et expression corporelle. Après avoir terminé ses études, elle a travaillé comme illustratrice pour des magazines culturels et a fondé une association pour soutenir les personnes en situation de handicap dans l'art. Élise a mené une vie pleine de créativité et de résilience, jusqu'à son décès le 14 octobre 2023, à l'âge de 38 ans, après une longue lutte contre sa maladie.",Fem,Counter({'Fem': 4}),"[née, illustratrice, 'elle (pronom majoritaire)']",qwen,v1_long,True,40,torch,['autres termes'],"['maladie neurologique', 'handicap', 'maladie']","['France', 'Lyon']","['France', 'Lyon']",['Élise Martin'],[],['autres termes'],"['maladie neurologique', 'handicap', 'maladie']","['France', 'Lyon']","['France', 'Lyon']",['Élise Martin'],[],False,False,False,False,False,False,False,False,True,True,False
594,594,qwen_v1_long_withdis_8_awq.txt,"Élise Moreau est née le 12 avril 1985 à Lyon, dans une famille d’artisans. Dès son plus jeune âge, elle a montré une passion pour la peinture, mais elle a également été confrontée à une maladie neurologique qui a progressivement affecté ses capacités motrices. Malgré cette situation, elle a suivi des cours d’art à l’École des Beaux-Arts de Lyon, où elle a développé une technique unique, mêlant abstraction et expression émotionnelle. Elle a travaillé comme illustratrice pour des magazines culturels et a organisé des expositions dans des galeries indépendantes. Son travail a été reconnu pour sa force et sa beauté, malgré les défis qu’elle avait dû surmonter. Élise est décédée le 15 décembre 2022 à l’âge de 37 ans, laissant derrière elle une œuvre qui continue d’inspirer et de toucher les personnes qui la connaissent.",Fem,Counter({'Fem': 6}),"[née, illustratrice, 'laissant derrière elle', décédée, 'elle (pronom majoritaire)']",qwen,v1_long,True,8,awq,['autres termes'],['maladie neurologique'],"['Lyon', 'Paris']","['Lyon', 'Paris']","['Élise', 'Élise Moreau']",[],['autres termes'],['maladie neurologique'],"['Lyon', 'Paris']","['Lyon', 'Paris']","['Élise', 'Élise Moreau']",[],False,False,False,False,False,False,False,False,True,True,False
