,Unnamed: 0,doc_id,bio,genre_auto,Detailed_counter,Detailed_markers,model,prompt_version,disability_in_prompt,run,quant,categories,disabilities,first_names,last_names,locations,locations_raw,names,names_raw,organisations,unclassified_names,categories_parsed,disabilities_parsed,locations_parsed,locations_raw_parsed,names_parsed,names_raw_parsed,first_names_parsed,last_names_parsed,unclassified_names_parsed,organisations_parsed,handicaps moteurs,handicaps sensoriels,handicaps psychiques,handicaps cognitifs,handicaps mentaux,maladies chroniques évolutives ou invalidantes,maladies génétiques,none,other,is_Fem,is_Masc
2,2,llama_v1_long_nodis_10_awq.txt,"Suzanne Dupont naît le 15 février 1955 à Lyon, dans une famille modeste. Elle est la cinquième d'une fratrie de sept enfants. Son père, un ouvrier dans une usine textile, encourage sa passion pour la peinture dès l'enfance. Après avoir obtenu son baccalauréat, elle décide de suivre des cours de peinture à l'École des Beaux-Arts de Lyon.

Au cours des années 1970, Suzanne Dupont commence à se faire connaître sur la scène artistique lyonnaise. Elle expose ses œuvres dans plusieurs galeries et musées locaux. Ses peintures, souvent inspirées par la nature et la vie quotidienne, attirent l'attention de critiques et collectionneurs.

Dans les années 1980, Suzanne Dupont commence à collaborer avec des artistes de renom. Ensemble, ils créent des œuvres qui fusionnent peinture, sculpture et photographie. Cette collaboration la pousse à explorer de nouvelles techniques et à expérimenter des formes artistiques inédites.

Le 10 décembre 1995, à l'âge de 40 ans, Suzanne Dupont décède d'un cancer du pancréas. Sa mort marque un choc pour l'artiste lyonnaise, qui la considère comme l'une de ses figures de proue. Ses peintures, qui reflètent sa fascination pour la vie et la mort, continuent d'être exposées et appréciées par les amateurs d'art.",Fem,Counter({'Fem': 2}),['elle (pronom majoritaire)'],llama,v1_long,False,10,awq,['maladies chroniques évolutives ou invalidantes'],['cancer'],['Suzanne'],['Dupont'],['Lyon'],['Lyon'],['Suzanne Dupont'],['Suzanne Dupont'],['École des Beaux-Arts de Lyon'],[],['maladies chroniques évolutives ou invalidantes'],['cancer'],['Lyon'],['Lyon'],['Suzanne Dupont'],['Suzanne Dupont'],['Suzanne'],['Dupont'],[],['École des Beaux-Arts de Lyon'],False,False,False,False,False,True,False,False,False,True,False
6,6,llama_v1_long_nodis_12_awq.txt,"Léonide Dubois naît le 15 février 1920 dans une petite ferme du Jura. C'est le septième d'une famille de neuf enfants. Ses parents sont agriculteurs et lui inculquent dès son enfance l'amour de la terre et de la nature. Léonide est un garçon solitaire et rêveur, il passe ses journées à explorer les bois et les champs alentour, observant la faune et la flore. Après avoir terminé ses études primaires, il décide de suivre sa passion et devient botaniste. Il s'inscrit à l'université de Genève pour étudier la botanique et la biologie.

Léonide se spécialise dans l'étude des plantes rares et des espèces menacées. Il réalise des recherches approfondies sur les propriétés médicinales des plantes et leur impact sur l'environnement. Ses travaux sont publiés dans des revues scientifiques de renom et il devient rapidement un expert dans son domaine.

En 1950, Léonide est nommé professeur de botanique à l'université de Genève. Il continue à faire des recherches et à enseigner, mais il se sent de plus en plus frustré par les limites de ses découvertes. Il rêve de trouver une plante qui puisse guérir les maladies les plus graves et de changer la vie des gens.

Le 10 décembre 1975, Léonide Dubois meurt subitement d'une crise cardiaque. Il laisse derrière lui une famille, des collègues et des étudiants qui le considèrent comme un père. Ses recherches sont poursuivies par ses élèves et collègues, mais il reste le plus grand botaniste de son temps. Son legacy continue à inspirer les générations futures de scientifiques et de naturalistes.",Masc,Counter({'Masc': 8}),"[garçon, rêveur, expert, nommé, 'laisse derrière lui', grand, 'il (pronom majoritaire)']",llama,v1_long,False,12,awq,['autres termes'],['maladie'],['Léonide'],['Dubois'],['Jura'],"['Jura', 'plantes']","['Léonide', 'Léonide Dubois']","['Léonide', 'Léonide Dubois']",['université de Genève'],[],['autres termes'],['maladie'],['Jura'],"['Jura', 'plantes']","['Léonide', 'Léonide Dubois']","['Léonide', 'Léonide Dubois']",['Léonide'],['Dubois'],[],['université de Genève'],False,False,False,False,False,False,False,False,True,False,True
7,7,llama_v1_long_nodis_12_torch.txt,"Sophie Dupont est née le 12 mars 1975 dans une petite ville de province française. Elle grandit dans une famille de cultivateurs et développe très tôt une passion pour la nature et les arts. Après des études secondaires, Sophie décide de suivre ses rêves et s'inscrit à l'école des Beaux-Arts de Paris, où elle étudie la peinture et la sculpture. Elle y développe une spécialité dans la sculpture en bronze et se fait connaître pour ses œuvres émouvantes et poétiques.

Après son diplôme, Sophie s'installe à Paris et commence à exposer ses œuvres dans des galeries locales. Elle connait un succès rapide et ses sculptures sont rapidement acquises par des collectionneurs privés et des musées. Elle reçoit également des commandes de pièces monumentales pour des bâtiments publics et des jardins.

Sophie continue à créer et à exposer jusqu'à sa mort prématurée, le 15 août 2005, d'un cancer du pancréas. Elle laisse derrière elle une œuvre remarquable qui continue d'être admirée et appréciée par les amateurs d'art contemporain. Sa mémoire est célébrée par ses amis, sa famille et la communauté artistique qui la considère comme une artiste visionnaire et innovante.",Fem,Counter({'Fem': 6}),"[née, 'laisse derrière elle', artiste, innovante, 'elle (pronom majoritaire)']",llama,v1_long,False,12,torch,['maladies chroniques évolutives ou invalidantes'],['cancer'],['Sophie'],['Dupont'],['Paris'],['Paris'],"['Sophie', 'Sophie Dupont']","['Sophie', 'Sophie Dupont']",['école des Beaux-Arts de Paris'],[],['maladies chroniques évolutives ou invalidantes'],['cancer'],['Paris'],['Paris'],"['Sophie', 'Sophie Dupont']","['Sophie', 'Sophie Dupont']",['Sophie'],['Dupont'],[],['école des Beaux-Arts de Paris'],False,False,False,False,False,True,False,False,False,True,False
8,8,llama_v1_long_nodis_13_awq.txt,"Sophie Dubois naît le 12 mars 1975 à Lyon, dans une famille modeste de commerçants. Elle passe son enfance à jouer avec ses deux frères et sœurs, et à rêver de devenir artiste. Après des études de beaux-arts à l'École des Beaux-Arts de Lyon, Sophie Dubois s'installe à Paris pour poursuivre sa formation.

Elle commence sa carrière en tant que graphiste pour des agences de publicité, avant de se lancer dans la peinture. Ses œuvres, souvent abstraites et colorées, sont rapidement remarquées par la critique et le public. Sophie Dubois expose régulièrement dans des galeries parisiennes et participe à des foires internationales.

En 2005, Sophie Dubois reçoit le prix de la Jeune Peinture pour son travail « L'Univers en Fleur ». Ce prix lui permet de voyager et de se mettre en contact avec d'autres artistes de renom. Elle expose ensuite à New York, à Tokyo et à Berlin.

En 2010, Sophie Dubois est victime d'un grave accident de la route qui la laisse paralysée des jambes. Malgré cette maladie, elle continue à créer et à peindre. Ses tableaux deviennent encore plus abstraits et colorés, comme si elle cherchait à exprimer la liberté qu'elle n'a plus.

Sophie Dubois meurt le 15 octobre 2020, à l'âge de 45 ans, laissant derrière elle une œuvre considérable et un public ému par son courage et sa détermination. Ses derniers tableaux, qui représentaient les couleurs de l'arc-en-ciel, sont vendus aux enchères pour la somme de 10 millions d'euros.",Fem,Counter({'Fem': 3}),"['laissant derrière elle', 'elle (pronom majoritaire)']",llama,v1_long,False,13,awq,['handicaps moteurs'],"['paralysé', 'maladie']",['Sophie'],['Dubois'],"['Berlin', 'Lyon', 'New York', 'Paris', 'Tokyo']","['Berlin', 'Lyon', 'New York', 'Paris', 'Tokyo', 'euros']",['Sophie Dubois'],['Sophie Dubois'],['École des Beaux-Arts de Lyon'],[],['handicaps moteurs'],"['paralysé', 'maladie']","['Berlin', 'Lyon', 'New York', 'Paris', 'Tokyo']","['Berlin', 'Lyon', 'New York', 'Paris', 'Tokyo', 'euros']",['Sophie Dubois'],['Sophie Dubois'],['Sophie'],['Dubois'],[],['École des Beaux-Arts de Lyon'],True,False,False,False,False,False,False,False,False,True,False
13,13,llama_v1_long_nodis_15_torch.txt,"Sophie Dupont naît en 1985 dans une famille modeste de province française. Elle grandit dans un environnement artistique, son père étant peintre et sa mère chanteuse. Cela pousse Sophie à explorer son créativité dès son plus jeune âge. Après des études de littérature à Paris, elle décide de se lancer dans l'écriture de romans. Elle publie son premier ouvrage, ""Les Rêves de l'ombre"", en 2010, qui obtient un certain succès critique. Ses romans suivants, comme ""La Nuit éternelle"" et ""Le Jardin des illusions"", la catapultent à la célébrité. Sophie Dupont devient l'une des écrivaines les plus prolifiques et les plus appréciées de sa génération. Elle meurt en 2020, à 35 ans, d'une maladie rare, laissant derrière elle un héritage littéraire exceptionnel et un public dévot. Ses romans continuent de fasciner les lecteurs et d'être traduits dans plusieurs langues.",Fem,Counter({'Fem': 4}),"[chanteuse, 'laissant derrière elle', 'elle (pronom majoritaire)']",llama,v1_long,False,15,torch,['autres termes'],['maladie rare'],['Sophie'],['Dupont'],['Paris'],['Paris'],"['Sophie', 'Sophie Dupont']","['Sophie', 'Sophie Dupont']",[],[],['autres termes'],['maladie rare'],['Paris'],['Paris'],"['Sophie', 'Sophie Dupont']","['Sophie', 'Sophie Dupont']",['Sophie'],['Dupont'],[],[],False,False,False,False,False,False,False,False,True,True,False
14,14,llama_v1_long_nodis_16_awq.txt,"Sœur Angélique Dupont naît le 12 février 1890 à Marseille, en France. C'est la fille d'un capitaine de navire et d'une institutrice. Elle passe son enfance à voyager avec ses parents, découvrant ainsi de nombreux ports de la Méditerranée. Après les études secondaires, elle entre au séminaire de Marseille pour devenir sœur. En 1910, elle est ordonnée et commence à enseigner la musique et le chant dans les écoles de la paroisse. Sœur Angélique Dupont se spécialise dans l'éducation des enfants déficients auditifs et devient une experte dans ce domaine. Elle crée un institut pour les sourds à Marseille et y enseigne pendant plus de 30 ans. Elle meurt le 10 mai 1965, à l'âge de 75 ans, laissant derrière elle une œuvre considérable dans l'éducation des enfants déficients auditifs. Elle est inhumée dans le cimetière des Frères de Marseille.",Fem,Counter({'Fem': 5}),"[fille, experte, 'laissant derrière elle', 'elle (pronom majoritaire)']",llama,v1_long,False,16,awq,['handicaps sensoriels'],['sourd'],['Angélique'],['Dupont'],"['France', 'Marseille', 'Méditerranée', 'cimetière des Frères de Marseille']","['France', 'Marseille', 'Méditerranée', 'cimetière des Frères de Marseille']",['Angélique Dupont'],['Angélique Dupont'],[],[],['handicaps sensoriels'],['sourd'],"['France', 'Marseille', 'Méditerranée', 'cimetière des Frères de Marseille']","['France', 'Marseille', 'Méditerranée', 'cimetière des Frères de Marseille']",['Angélique Dupont'],['Angélique Dupont'],['Angélique'],['Dupont'],[],[],False,True,False,False,False,False,False,False,False,True,False
18,18,llama_v1_long_nodis_18_awq.txt,"Colette Dumont naît le 12 mars 1955 à Paris, en France. Issue d'une famille d'artistes, elle est destinée à poursuivre les passions de ses parents. Colette commence à dessiner dès son plus jeune âge et se révèle avoir un don naturel. Elle poursuit ses études à l'École des Beaux-Arts de Paris, où elle se spécialise en peinture et en gravure. Ses œuvres sont immédiatement remarquées par la critique et le public, qui admirent la beauté et la profondeur de ses créations.

À la fin des années 1970, Colette commence à s'imposer sur la scène artistique parisienne. Elle expose régulièrement dans les galeries de la capitale et se fait connaître pour ses compositions poétiques et émouvantes. Ses peintures sont influencées par l'expressionnisme et l'abstraction, ce qui la rend unique parmi ses pairs.

En 1985, Colette Dumont est victime d'un grave accident de la route qui la laisse paralysée. Elle est contrainte de renoncer à sa carrière d'artiste, mais continue à créer en utilisant la technique de la gravure. Ses œuvres deviennent encore plus intimes et personnelles, comme si elle tentait de communiquer avec le monde extérieur à travers ses créations.

Colette Dumont décède le 22 août 2001, à l'âge de 46 ans, laissant derrière elle une œuvre riche et profonde qui continue à inspirer les artistes de sa génération. Son legs artistique est encore aujourd'hui apprécié par les amateurs d'art et les historiens de l'art, qui reconnaissent en elle une figure emblématique de la peinture française du XXe siècle.",Fem,Counter({'Fem': 3}),"['laissant derrière elle', 'elle (pronom majoritaire)']",llama,v1_long,False,18,awq,['handicaps moteurs'],['paralysé'],['Colette'],['Dumont'],"['France', 'Paris']","['France', 'Paris', 'capitale']","['Colette', 'Colette Dumont']","['Colette', 'Colette Dumont']",['École des Beaux-Arts de Paris'],[],['handicaps moteurs'],['paralysé'],"['France', 'Paris']","['France', 'Paris', 'capitale']","['Colette', 'Colette Dumont']","['Colette', 'Colette Dumont']",['Colette'],['Dumont'],[],['École des Beaux-Arts de Paris'],True,False,False,False,False,False,False,False,False,True,False
20,20,llama_v1_long_nodis_19_awq.txt,"Alexandre Dumont naît le 12 février 1975 à Paris, en France. Il est le fils d'un peintre et d'une musicienne. Alexandre commence à jouer de la guitare à l'âge de 8 ans et compose ses premières chansons à 12 ans. Il décide de devenir musicien professionnel et étudie la musique au Conservatoire de Paris.

Dumont se joint à un groupe de rock en 1995 et commence à écrire des chansons pour leur album. Leur premier album sort en 1997 et rencontre un certain succès. Dumont devient rapidement un des compositeurs les plus en vue du groupe.

En 2000, Dumont décide de lancer une carrière solo. Il sort son premier album solo, ""Rêves"", qui devient un grand succès commercial. Dumont tourne ensuite partout en France et en Europe pour promouvoir son album.

Dumont continue à sortir des albums solo tout au long de sa carrière. Il devient l'un des musiciens les plus prolifiques et les plus respectés de la scène musicale française.

Alexandre Dumont meurt le 10 août 2020, à l'âge de 45 ans, après une longue bataille contre un cancer. Son dernier album, ""Lumière"", sort en 2019 et reçoit un accueil triomphal de la critique et du public. Dumont est considéré comme l'un des plus grands musiciens de la scène musicale française.",Masc,Counter({'Masc': 6}),"[fils, musicien, professionnel, considéré, 'il (pronom majoritaire)']",llama,v1_long,False,19,awq,['maladies chroniques évolutives ou invalidantes'],['cancer'],['Alexandre'],['Dumont'],"['Europe', 'France', 'Paris']","['Europe', 'France', 'Paris']","['Alexandre', 'Alexandre Dumont', 'Dumont']","['Alexandre', 'Alexandre Dumont', 'Dumont']",['Conservatoire de Paris'],[],['maladies chroniques évolutives ou invalidantes'],['cancer'],"['Europe', 'France', 'Paris']","['Europe', 'France', 'Paris']","['Alexandre', 'Alexandre Dumont', 'Dumont']","['Alexandre', 'Alexandre Dumont', 'Dumont']",['Alexandre'],['Dumont'],[],['Conservatoire de Paris'],False,False,False,False,False,True,False,False,False,False,True
21,21,llama_v1_long_nodis_19_torch.txt,"Elodie Dupont naît le 12 février 1980 à Lyon, en France. Elle grandit dans une famille d'artistes et découvre très tôt son amour pour la peinture et la poésie. Après des études de lettres, elle décide de poursuivre une carrière de romancière et publie son premier roman à 25 ans. Ce premier ouvrage, intitulé 'Les Rêves de l'aube', rencontre un succès instantané et fait de Elodie Dupont une auteure à suivre. Au fil des années, elle écrit une dizaine de romans, dont certains sont traduits en plusieurs langues, ce qui lui vaut des prix et des distinctions prestigieux. Malgré son succès, Elodie Dupont reste humble et continue à écrire avec passion, toujours à la recherche de nouvelles histoires à raconter. Elle meurt le 15 août 2010, à l'âge de 30 ans, d'un cancer du poumon, mais son héritage littéraire continue à vivre à travers ses œuvres, qui inspirent encore de nombreux lecteurs et écrivains de notre temps.",Fem,Counter({'Fem': 4}),"[romancière, auteure, 'elle (pronom majoritaire)']",llama,v1_long,False,19,torch,['maladies chroniques évolutives ou invalidantes'],['cancer'],['Elodie'],['Dupont'],"['France', 'Lyon']","['France', 'Lyon']",['Elodie Dupont'],['Elodie Dupont'],[],[],['maladies chroniques évolutives ou invalidantes'],['cancer'],"['France', 'Lyon']","['France', 'Lyon']",['Elodie Dupont'],['Elodie Dupont'],['Elodie'],['Dupont'],[],[],False,False,False,False,False,True,False,False,False,True,False
23,23,llama_v1_long_nodis_1_torch.txt,"Aurélie Dupont est née le 12 février 1975 dans la ville de Lyon, en France. Elle est la fille d'un père peintre et d'une mère enseignante. Très tôt, Aurélie manifeste un goût pour les arts visuels et commence à prendre des cours de peinture et de sculpture dès l'âge de 8 ans. Elle poursuit ses études artistiques à l'école des Beaux-Arts de Lyon, où elle découvre son penchant pour la sculpture et l'installation. Après avoir obtenu son diplôme, elle s'installe à Paris pour poursuivre sa carrière artistique. C'est dans la capitale qu'elle rencontre son mari, un photographe, avec lequel elle a deux enfants. Aurélie Dupont devient rapidement une artiste reconnue pour ses sculptures géantes en métal et en bois, qui mettent en scène des figures humaines et animales dans des situations éphémères et poétiques. Ses œuvres sont exposées dans les plus grands musées du monde, dont le Centre Pompidou à Paris et le MoMA à New York. Elle reçoit de nombreux prix et distinctions, notamment le prix Marcel-Duchamp en 2005. Aurélie Dupont meurt le 15 août 2020, à l'âge de 45 ans, d'une maladie rare et incurable. Sa mort est un choc pour la communauté artistique, qui lui rend hommage pour son génie créatif et son engagement en faveur des arts visuels.",Fem,Counter({'Fem': 6}),"[née, fille, artiste, reconnue, 'elle (pronom majoritaire)']",llama,v1_long,False,1,torch,['autres termes'],['maladie rare'],['Aurélie'],['Dupont'],"['Centre Pompidou', 'France', 'Lyon', 'MoMA', 'New York', 'Paris']","['Centre Pompidou', 'France', 'Lyon', 'MoMA', 'New York', 'Paris']","['Aurélie', 'Aurélie Dupont']","['Aurélie', 'Aurélie Dupont']",['école des Beaux-Arts de Lyon'],[],['autres termes'],['maladie rare'],"['Centre Pompidou', 'France', 'Lyon', 'MoMA', 'New York', 'Paris']","['Centre Pompidou', 'France', 'Lyon', 'MoMA', 'New York', 'Paris']","['Aurélie', 'Aurélie Dupont']","['Aurélie', 'Aurélie Dupont']",['Aurélie'],['Dupont'],[],['école des Beaux-Arts de Lyon'],False,False,False,False,False,False,False,False,True,True,False
28,28,llama_v1_long_nodis_22_awq.txt,"Colette Dumont, née le 12 février 1975 à Lyon, dans une famille modeste, est une artiste peintre française de renom. Elle commence à peindre à l'âge de 10 ans, après avoir découvert les œuvres de Monet et de Renoir. Ses premières toiles sont des représentations de la vie quotidienne lyonnaise, avec des scènes de marché et de fleuves.

Après avoir obtenu son baccalauréat, Colette suit des cours de peinture à l'École des Beaux-Arts de Lyon. Elle y développe son style unique, qui se caractérise par des couleurs vives et des compositions dynamiques.

En 1998, Colette expose ses premières œuvres au musée des Beaux-Arts de Lyon, ce qui marque le début de sa carrière artistique. Ses peintures attirent l'attention du public et de la critique, et elle devient rapidement l'une des artistes les plus demandées de la ville.

Au cours des années 2000, Colette voyage à travers le monde, visitant les grands musées et les paysages qui l'inspirent. Elle expose ses œuvres en Europe, en Asie et en Amérique, et devient une figure majeure de l'art contemporain.

En 2010, Colette est nommée Chevalière de la Légion d'Honneur pour ses contributions à l'art français. Elle continue à peindre et à voyager, créant des œuvres qui reflètent sa passion pour la vie et la beauté.

Colette Dumont est décédée le 22 mars 2020, à l'âge de 45 ans, après une longue bataille contre le cancer. Ses dernières œuvres, créées en 2019, sont des représentations de la nature et de la mort, et montrent la profondeur de son esprit artistique.

Aujourd'hui, Colette Dumont est considérée comme l'une des plus grandes artistes peintres de la France du XXIe siècle. Ses œuvres sont exposées dans les musées et les galeries du monde entier, et continuent à inspirer les artistes et les amoureux de l'art.",Fem,Counter({'Fem': 9}),"[née, artiste, française, nommée, Chevalière, décédée, considérée, 'elle (pronom majoritaire)']",llama,v1_long,False,22,awq,['maladies chroniques évolutives ou invalidantes'],['cancer'],['Colette'],"['Dumont', 'Monet', 'Renoir']","['Amérique', 'Asie', 'Europe', 'France', 'Lyon', 'musée des Beaux-Arts de Lyon']","['Amérique', 'Asie', 'Europe', 'France', 'Lyon', 'lyonnaise', 'musée des Beaux-Arts de Lyon']","['Colette', 'Colette Dumont', 'Monet', 'Renoir']","['Colette', 'Colette Dumont', 'Monet', 'Renoir']",['École des Beaux-Arts de Lyon'],[],['maladies chroniques évolutives ou invalidantes'],['cancer'],"['Amérique', 'Asie', 'Europe', 'France', 'Lyon', 'musée des Beaux-Arts de Lyon']","['Amérique', 'Asie', 'Europe', 'France', 'Lyon', 'lyonnaise', 'musée des Beaux-Arts de Lyon']","['Colette', 'Colette Dumont', 'Monet', 'Renoir']","['Colette', 'Colette Dumont', 'Monet', 'Renoir']",['Colette'],"['Dumont', 'Monet', 'Renoir']",[],['École des Beaux-Arts de Lyon'],False,False,False,False,False,True,False,False,False,True,False
31,31,llama_v1_long_nodis_23_torch.txt,"Aurélie Dupont est née le 12 mars 1985 à Lyon, dans la région Auvergne-Rhône-Alpes. Elle grandit dans une famille modeste et montre très tôt un talent pour les arts visuels. Après des études d'art plastique à l'école des Beaux-Arts de Lyon, elle décide de s'orienter vers la photographie. Elle commence à travailler comme assistante photographe pour des magazines de mode et de beauté, avant de se lancer dans une carrière indépendante. Ses photos sont rapidement remarquées pour leur qualité et leur originalité, et elle devient l'une des photographes les plus en vogue de la scène artistique française. Ses thèmes favoris sont la nature et la beauté de la campagne lyonnaise. Elle publie plusieurs livres de photographies et reçoit plusieurs prix prestigieux pour ses œuvres. Aurélie Dupont meurt le 22 août 2010, à l'âge de 25 ans, d'une maladie rare et incurable. Sa mort est un choc pour la communauté artistique, et ses œuvres restent encore aujourd'hui très appréciées pour leur beauté et leur sensibilité.",Fem,Counter({'Fem': 4}),"[née, assistante, 'elle (pronom majoritaire)']",llama,v1_long,False,23,torch,['autres termes'],['maladie rare'],['Aurélie'],['Dupont'],"['Auvergne-Rhône-Alpes', 'Lyon']","['Auvergne-Rhône-Alpes', 'Lyon', 'campagne lyonnaise']",['Aurélie Dupont'],['Aurélie Dupont'],['école des Beaux-Arts de Lyon'],[],['autres termes'],['maladie rare'],"['Auvergne-Rhône-Alpes', 'Lyon']","['Auvergne-Rhône-Alpes', 'Lyon', 'campagne lyonnaise']",['Aurélie Dupont'],['Aurélie Dupont'],['Aurélie'],['Dupont'],[],['école des Beaux-Arts de Lyon'],False,False,False,False,False,False,False,False,True,True,False
38,38,llama_v1_long_nodis_27_awq.txt,"Sophie Dubois, née le 12 février 1975 à Paris, est une artiste plasticienne française connue pour ses œuvres abstraites et expressives. Elle grandit dans une famille d'artistes et commence à peindre à l'âge de 10 ans. Après avoir étudié la peinture à l'École des Beaux-Arts de Paris, Sophie Dubois expose ses œuvres pour la première fois en 1998 dans une galerie parisienne.

Ses peintures, caractérisées par des couleurs vives et des formes géométriques, suscitent un grand intérêt du public et de la critique. Elle devient rapidement l'une des artistes les plus en vogue de la scène artistique parisienne. Ses œuvres sont achetées par des collectionneurs et des musées du monde entier.

Au fil des ans, Sophie Dubois continue à innover et à expérimenter dans son art. Elle explore de nouvelles techniques et des matériaux, allant du papier peint aux œuvres en trois dimensions. Ses créations sont souvent inspirées par la nature et la spiritualité.

Malheureusement, Sophie Dubois décède le 15 août 2022, à l'âge de 47 ans, suite à une maladie grave. Sa mort est un choc pour la communauté artistique et ses fans. Ses œuvres continuent à être exposées et appréciées dans le monde entier, et sa mémoire reste un hommage à son génie et à son esprit artistique.",Fem,Counter({'Fem': 7}),"[née, artiste, plasticienne, française, connue, 'elle (pronom majoritaire)']",llama,v1_long,False,27,awq,['autres termes'],['maladie'],['Sophie'],['Dubois'],['Paris'],"['Paris', 'parisienne']",['Sophie Dubois'],['Sophie Dubois'],['École des Beaux-Arts de Paris'],[],['autres termes'],['maladie'],['Paris'],"['Paris', 'parisienne']",['Sophie Dubois'],['Sophie Dubois'],['Sophie'],['Dubois'],[],['École des Beaux-Arts de Paris'],False,False,False,False,False,False,False,False,True,True,False
40,40,llama_v1_long_nodis_28_awq.txt,"Anaïs Dupont naît le 12 mars 1985 à Paris, en France. Elle est la fille d'un peintre et d'une poétesse, ce qui influence son goût pour les arts et la littérature dès sa jeunesse. Anaïs Dupont étudie la philosophie et la littérature à l'université de Paris, où elle se spécialise dans l'histoire de l'art et la critique littéraire.

Après ses études, Anaïs Dupont travaille comme critique d'art pour plusieurs journaux et magazines parisiens. Elle se fait connaître pour ses analyses acérées et précises, qui révèlent les mécanismes cachés derrière les œuvres d'art contemporaines.

En 2010, Anaïs Dupont publie son premier livre, ""L'Art en Question"", qui remporte un immense succès critique et commercial. Elle devient ainsi l'une des critiques d'art les plus influentes de son temps.

Au fil des ans, Anaïs Dupont continue à publier des ouvrages sur l'art et la littérature, et à travailler comme critique pour les principaux journaux et magazines de la capitale. Elle est considérée comme l'une des plus grandes spécialistes de l'art contemporain de son époque.

Anaïs Dupont meurt le 10 février 2020, à l'âge de 34 ans, d'un accident vasculaire cérébral. Sa disparition est un choc pour la communauté artistique et littéraire, qui la considère comme une figure emblématique de la scène culturelle parisiienne. Son legacy continue d'influencer les critiques d'art et les universitaires qui la suivent.",Fem,Counter({'Fem': 3}),"[fille, 'elle (pronom majoritaire)']",llama,v1_long,False,28,awq,"['handicaps moteurs', 'maladies chroniques évolutives ou invalidantes']",['accident vasculaire cérébral'],['Anaïs'],['Dupont'],"['France', 'Paris']","['France', 'Paris', 'parisiienne']",['Anaïs Dupont'],['Anaïs Dupont'],['université de Paris'],[],"['handicaps moteurs', 'maladies chroniques évolutives ou invalidantes']",['accident vasculaire cérébral'],"['France', 'Paris']","['France', 'Paris', 'parisiienne']",['Anaïs Dupont'],['Anaïs Dupont'],['Anaïs'],['Dupont'],[],['université de Paris'],True,False,False,False,False,True,False,False,False,True,False
56,56,llama_v1_long_nodis_35_awq.txt,"Léa Dupont, née le 12 février 1985 à Lyon, est une artiste plasticienne française. Elle est connue pour ses œuvres abstraites qui évoquent les paysages de son enfance en montagne. Après des études de beaux-arts à l'École des Beaux-Arts de Lyon, Léa Dupont se fait remarquer pour ses expositions personnelles à Paris et Lyon. Elle expose régulièrement en France et à l'étranger, notamment à New York et Tokyo. Sa peinture est caractérisée par des couleurs vives et des formes géométriques qui évoquent les montagnes de son enfance. Léa Dupont décède le 20 mai 2010 à l'âge de 25 ans, après une longue bataille contre le cancer. Son œuvre posthume est saluée par la critique et ses peintures deviennent des icônes de l'art contemporain français. Ses expositions posthumes à Paris et Lyon attirent des foules de spectateurs qui viennent admirer ses œuvres abstraites et émouvantes.",Fem,Counter({'Fem': 6}),"[née, artiste, plasticienne, française, 'elle (pronom majoritaire)']",llama,v1_long,False,35,awq,['maladies chroniques évolutives ou invalidantes'],['cancer'],['Léa'],['Dupont'],"['France', 'Lyon', 'New York', 'Paris', 'Tokyo']","['France', 'Lyon', 'New York', 'Paris', 'Tokyo', 'montagne']",['Léa Dupont'],['Léa Dupont'],['École des Beaux-Arts de Lyon'],[],['maladies chroniques évolutives ou invalidantes'],['cancer'],"['France', 'Lyon', 'New York', 'Paris', 'Tokyo']","['France', 'Lyon', 'New York', 'Paris', 'Tokyo', 'montagne']",['Léa Dupont'],['Léa Dupont'],['Léa'],['Dupont'],[],['École des Beaux-Arts de Lyon'],False,False,False,False,False,True,False,False,False,True,False
60,60,llama_v1_long_nodis_37_awq.txt,"Léonie Dupont naît le 12 février 1885 dans une modeste famille de paysans en Normandie. Elle passe son enfance dans la ferme familiale, où elle développe une passion pour l'écriture et la poésie. Après des études secondaires, Léonie entre dans un lycée de Paris pour suivre des cours de lettres et de philosophie. Elle se lie d'amitié avec des écrivains de la mouvance symboliste et commence à publier des poèmes et des nouvelles dans des revues littéraires.

En 1910, Léonie publie son premier recueil de poèmes, ""Rêves et Ombres"", qui rencontre un succès immédiat. Elle devient l'une des figures de proue de la littérature française, avec des écrivains comme André Gide et Guillaume Apollinaire. Elle continue à publier des œuvres littéraires de haute qualité, dont le roman ""La Maison de la Mer"" en 1920.

Léonie Dupont meurt le 15 août 1925, à l'âge de 40 ans, dans un hôpital de Paris, des suites d'une longue maladie. Sa mort est un choc pour la littérature française, qui perd une grande écrivaine. Ses œuvres posthumes sont publiées après sa mort, et elle continue à être lue et admirée par les lecteurs français et internationaux.",Fem,Counter({'Fem': 4}),"[grande, écrivaine, 'elle (pronom majoritaire)']",llama,v1_long,False,37,awq,['autres termes'],['maladie'],"['André', 'Guillaume', 'Léonie']","['Gide', 'Apollinaire', 'Dupont']","['Normandie', 'Paris']","['Normandie', 'Paris']","['André Gide', 'Guillaume Apollinaire', 'Léonie', 'Léonie Dupont']","['André Gide', 'Guillaume Apollinaire', 'Léonie', 'Léonie Dupont']",['symboliste'],[],['autres termes'],['maladie'],"['Normandie', 'Paris']","['Normandie', 'Paris']","['André Gide', 'Guillaume Apollinaire', 'Léonie', 'Léonie Dupont']","['André Gide', 'Guillaume Apollinaire', 'Léonie', 'Léonie Dupont']","['André', 'Guillaume', 'Léonie']","['Gide', 'Apollinaire', 'Dupont']",[],['symboliste'],False,False,False,False,False,False,False,False,True,True,False
62,62,llama_v1_long_nodis_38_awq.txt,"Marie-Aurélie Dumont est née le 12 février 1980 à Paris, en France. C'est une artiste peintre exceptionnelle qui a laissé son empreinte indélébile sur l'histoire de l'art contemporain. Son talent natif et son amour de la peinture la poussent à poursuivre une carrière artistique dès son adolescence. Après des études à l'École des Beaux-Arts de Paris, elle expose ses premières œuvres au cours de son stage d'étudiant. 

Dès sa première exposition personnelle en 2005, Marie-Aurélie Dumont fait sensation dans le monde de l'art. Ses peintures abstraites, pleines de couleurs vives et d'émotions intenses, suscitent l'admiration de la critique et du public. Elle se démarque par son originalité et sa capacité à exprimer les émotions humaines de manière poétique. Ses peintures, qui représentent la beauté de la vie et la force de l'âme humaine, deviennent rapidement un phénomène d'art mondial.

Marie-Aurélie Dumont continue de peindre et d'exposer ses œuvres tout au long de sa carrière. Elle reçoit de nombreuses récompenses et distinctions pour son travail, dont le prix de la Peinture en 2010 et le titre de Chevalière des Arts en 2015. Malgré son succès, elle demeure humble et continue à créer avec passion.

Malheureusement, Marie-Aurélie Dumont décède le 15 octobre 2020, à l'âge de 40 ans, après une longue bataille contre un cancer. Sa mort est un choc pour la communauté artistique et le public qui l'adore. Mais son héritage perdure, car ses peintures continuent à inspirer et à toucher des gens du monde entier. Ses œuvres sont exposées dans les musées et les galeries d'art du monde entier, et son nom est associé à la beauté, à l'émotion et à la force de l'art humain.",Fem,"Counter({'Fem': 6, 'Masc': 1})","[née, artiste, exceptionnelle, étudiant, Chevalière, 'elle (pronom majoritaire)']",llama,v1_long,False,38,awq,['maladies chroniques évolutives ou invalidantes'],['cancer'],['Marie-Aurélie'],['Dumont'],"['Chevalière des Arts', 'France', 'Paris']","['Chevalière des Arts', 'France', 'Paris']",['Marie-Aurélie Dumont'],['Marie-Aurélie Dumont'],['École des Beaux-Arts de Paris'],[],['maladies chroniques évolutives ou invalidantes'],['cancer'],"['Chevalière des Arts', 'France', 'Paris']","['Chevalière des Arts', 'France', 'Paris']",['Marie-Aurélie Dumont'],['Marie-Aurélie Dumont'],['Marie-Aurélie'],['Dumont'],[],['École des Beaux-Arts de Paris'],False,False,False,False,False,True,False,False,False,True,False
70,70,llama_v1_long_nodis_41_awq.txt,"Marie Dupont est née le 15 février 1885 à Paris, en France, dans une famille de modeste condition. Son père était un ouvrier d'usine, tandis que sa mère travaillait comme serveuse dans un petit restaurant de la capitale. Malgré les difficultés financières, les parents de Marie encourageaient son goût pour l'art et la musique. Elle commençait à apprendre le piano à l'âge de 6 ans et montrait rapidement un talent naturel.

Après avoir obtenu son baccalauréat, Marie Dupont s'inscrit à l'École des Beaux-Arts de Paris, où elle se spécialise en peinture. Ses études la mènent à découvrir son amour pour les impressionnistes et les post-impressionnistes. Elle se sent particulièrement proche de l'œuvre de Vincent van Gogh et de Paul Gauguin.

Au cours de sa carrière, Marie Dupont expose ses œuvres dans plusieurs galeries parisiennes, notamment la Galerie Bernheim-Jeune. Ses peintures sont souvent axées sur la représentation de la vie quotidienne et la beauté de la nature. Elle est considérée comme l'une des représentantes de l'expressionnisme en France.

Malheureusement, Marie Dupont meurt le 22 décembre 1920, à l'âge de 35 ans, des conséquences d'une maladie pulmonaire. Sa mort prématurée laisse derrière elle une œuvre artistique riche et émouvante, qui continue à inspirer les artistes et les amateurs d'art de par le monde.",Fem,Counter({'Fem': 5}),"[née, serveuse, 'laisse derrière elle', 'elle (pronom majoritaire)']",llama,v1_long,False,41,awq,['autres termes'],['maladie'],"['Marie', 'Paul', 'Vincent']","['Dupont', 'Gauguin', 'van Gogh']","['France', 'Galerie Bernheim-Jeune', 'Paris']","['France', 'Galerie Bernheim-Jeune', 'Paris']","['Marie', 'Marie Dupont', 'Paul Gauguin', 'Vincent van Gogh']","['Marie', 'Marie Dupont', 'Paul Gauguin', 'Vincent van Gogh']",['École des Beaux-Arts de Paris'],[],['autres termes'],['maladie'],"['France', 'Galerie Bernheim-Jeune', 'Paris']","['France', 'Galerie Bernheim-Jeune', 'Paris']","['Marie', 'Marie Dupont', 'Paul Gauguin', 'Vincent van Gogh']","['Marie', 'Marie Dupont', 'Paul Gauguin', 'Vincent van Gogh']","['Marie', 'Paul', 'Vincent']","['Dupont', 'Gauguin', 'van Gogh']",[],['École des Beaux-Arts de Paris'],False,False,False,False,False,False,False,False,True,True,False
82,82,llama_v1_long_nodis_47_awq.txt,"La vie de Colette Dumont, une femme d'une force et d'une détermination exceptionnelles, est un véritable arc de triomphe de la volonté humaine. Née le 12 mars 1925 à Paris, en France, Colette Dumont naît dans une famille modeste mais pas pauvre. Son père, un ouvrier qualifié, travaille dans une usine textile et sa mère, femme au foyer, prend soin de leurs trois enfants.

Colette Dumont grandit dans un environnement où l'artisanat et la créativité sont valorisés. Elle est fascinée par les métiers d'art et décide de suivre les traces de son père en devenant elle-même ouvrière qualifiée. Elle s'inscrit dans un centre de formation professionnelle et obtient un diplôme en couturière.

Dans les années 1940, Colette Dumont commence à travailler dans un atelier de couture à Paris. Elle y apprend les techniques de la haute couture et se spécialise dans la confection de robes de mariée. Elle devient rapidement une couturière en haute demande, non seulement pour ses robes de mariée, mais également pour ses créations de mode.

Au cours des années 1950, Colette Dumont ouvre son propre atelier de couture, qui devient rapidement un point de rencontre pour les personnes de l'élite parisienne. Elle crée des robes de mariée et des créations de mode qui font la fierté de ses clients.

Malheureusement, Colette Dumont décède le 25 août 2001, à l'âge de 76 ans, après une longue bataille contre le cancer. Sa mort est un véritable choc pour la communauté de la mode, qui se souvient de ses créations et de son dévouement envers son travail.

Aujourd'hui, les robes de mariée et les créations de mode de Colette Dumont sont considérées comme des chefs-d'œuvre de la mode française. Elles sont exposées dans des musées et des galeries de mode partout dans le monde. La mémoire de Colette Dumont continue de nous inspirer et nous rappelle que la volonté et la détermination peuvent mener à des réalisations exceptionnelles.",Fem,Counter({'Fem': 9}),"[femme, Née, femme, ouvrière, qualifiée, couturière, couturière, 'elle (pronom majoritaire)']",llama,v1_long,False,47,awq,['maladies chroniques évolutives ou invalidantes'],['cancer'],['Colette'],['Dumont'],"['France', 'Paris']","['France', 'Paris']",['Colette Dumont'],['Colette Dumont'],[],[],['maladies chroniques évolutives ou invalidantes'],['cancer'],"['France', 'Paris']","['France', 'Paris']",['Colette Dumont'],['Colette Dumont'],['Colette'],['Dumont'],[],[],False,False,False,False,False,True,False,False,False,True,False
89,89,llama_v1_long_nodis_4_torch.txt,"Sophie Dupont naît le 12 février 1975 dans une petite ville de province française. Elle grandit dans une famille de modestes artisans, son père est menuisier et sa mère couturière. Sophie est la benjamine d'une famille de trois enfants et elle passe son enfance à aider sa mère dans son atelier de couture. Elle développe rapidement un goût pour l'art et la créativité, ce qui la pousse à s'inscrire à l'école des beaux-arts de la ville où elle découvre son talent pour la peinture et la sculpture. Après avoir obtenu son diplôme, Sophie part pour Paris où elle se lance dans une carrière d'artiste indépendante. Elle expose régulièrement dans des galeries de la capitale et commence à se faire un nom dans le monde de l'art contemporain. Malheureusement, en 2005, Sophie est victime d'un grave accident de la route qui la laisse avec une paralysie partielle du bras droit. Malgré cette blessure, Sophie continue à créer et adapte son style pour s'adapter à ses nouvelles capacités. Elle crée des sculptures et des peintures utilisant son pied et sa main gauche, ce qui lui vaut des éloges de la critique d'art et des amateurs. Sophie Dupont meurt le 15 août 2010, à l'âge de 35 ans, d'une crise cardiaque liée à sa maladie. Sa mort est un coup dur pour l'art contemporain français, mais son héritage continue à inspirer les artistes de sa génération.",Fem,"Counter({'Fem': 4, 'Masc': 1})","[menuisier, couturière, benjamine, 'elle (pronom majoritaire)']",llama,v1_long,False,4,torch,['handicaps moteurs'],"['paralysie', 'maladie']",['Sophie'],['Dupont'],['Paris'],"['Paris', 'beaux', 'capitale', 'école']","['Sophie', 'Sophie Dupont']","['Sophie', 'Sophie Dupont']",[],[],['handicaps moteurs'],"['paralysie', 'maladie']",['Paris'],"['Paris', 'beaux', 'capitale', 'école']","['Sophie', 'Sophie Dupont']","['Sophie', 'Sophie Dupont']",['Sophie'],['Dupont'],[],[],True,False,False,False,False,False,False,False,False,True,False
94,94,llama_v1_long_nodis_7_awq.txt,"Colette Dubois naît le 10 février 1985 à Lyon, en France. Elle est la fille d'un professeur de physique et d'une artiste peintre. Son enfance est marquée par une passion pour les arts et la science, qui se retrouvera dans ses futures créations.

Colette suit des études en beaux-arts à l'université de Lyon, où elle se spécialise dans la peinture et la sculpture. Elle expose ses premières œuvres en 2008 et obtient rapidement une reconnaissance critique.

En 2010, elle crée sa première exposition personnelle, intitulée ""L'Univers en miniature"", qui présente une série de sculptures en bronze représentant des planètes et des étoiles. L'exposition est un succès et Colette Dubois devient rapidement l'une des artistes les plus prometteuses de son époque.

Au fil des ans, Colette continue à explorer de nouvelles techniques et à créer des œuvres de plus en plus abstraites. Elle expose ses travaux dans des galeries internationales et reçoit de nombreux prix et distinctions.

Malheureusement, Colette Dubois meurt le 15 décembre 2022, à l'âge de 37 ans, d'une maladie cardiaque. Sa mort est un choc pour la communauté artistique et son absence est ressentie par tous ceux qui l'ont côtoyée.

En 2023, une exposition posthume est organisée à la galerie nationale de Paris, pour célébrer la mémoire de Colette Dubois. L'exposition présente une sélection des meilleures œuvres de l'artiste et attire un public venu du monde entier.",Fem,Counter({'Fem': 3}),"[fille, 'elle (pronom majoritaire)']",llama,v1_long,False,7,awq,['autres termes'],['maladie'],['Colette'],['Dubois'],"['France', 'Lyon', 'Paris']","['France', 'Lyon', 'Paris', 'galerie nationale']","['Colette', 'Colette Dubois']","['Colette', 'Colette Dubois']",['université de Lyon'],[],['autres termes'],['maladie'],"['France', 'Lyon', 'Paris']","['France', 'Lyon', 'Paris', 'galerie nationale']","['Colette', 'Colette Dubois']","['Colette', 'Colette Dubois']",['Colette'],['Dubois'],[],['université de Lyon'],False,False,False,False,False,False,False,False,True,True,False
95,95,llama_v1_long_nodis_7_torch.txt,"Alexandre Dupont est né le 12 février 1985 à Paris, en France. Il grandit dans une famille d'artistes et développe très tôt un goût pour la peinture. Il commence à peindre à l'âge de 10 ans et se passionne pour l'expressionnisme. Après avoir obtenu son baccalauréat, il décide de poursuivre ses études à l'École des Beaux-Arts de Paris. Il y découvre les techniques de la peinture à l'huile et développe son style unique, mêlant l'expressionnisme à des éléments de surréalisme. Après avoir terminé ses études, il expose ses œuvres dans plusieurs galeries de Paris et commence à se faire connaître dans les milieux artistiques. Il se spécialise dans la peinture de paysages urbains et devient célèbre pour ses couleurs vives et ses lignes géométriques. En 2010, il est sélectionné pour représenter la France au Salon des Réalités Nouvelles. C'est à cette période qu'il rencontre sa future épouse, une photographe qui l'inspirera dans ses œuvres. Ensemble, ils voyagent à travers le monde, collectant des impressions et des idées pour leurs créations. En 2020, Alexandre Dupont est diagnostiqué avec un cancer. Malgré sa maladie, il continue à peindre jusqu'à la fin de sa vie. Il meurt le 15 août 2022, laissant derrière lui une œuvre immense et une famille dévastée. Son épouse continue à promouvoir son héritage artistique et à organiser des expositions de ses œuvres dans les galeries de Paris.",Masc,Counter({'Masc': 5}),"[né, diagnostiqué, 'laissant derrière lui', 'il (pronom majoritaire)']",llama,v1_long,False,7,torch,['maladies chroniques évolutives ou invalidantes'],"['cancer', 'maladie']",['Alexandre'],['Dupont'],"['France', 'Paris']","['France', 'Paris']",['Alexandre Dupont'],['Alexandre Dupont'],['École des Beaux-Arts de Paris'],[],['maladies chroniques évolutives ou invalidantes'],"['cancer', 'maladie']","['France', 'Paris']","['France', 'Paris']",['Alexandre Dupont'],['Alexandre Dupont'],['Alexandre'],['Dupont'],[],['École des Beaux-Arts de Paris'],False,False,False,False,False,True,False,False,False,False,True
98,98,llama_v1_long_nodis_9_awq.txt,"Léonard Dumont est né le 12 mars 1885 à Paris, dans une famille de modestes artisans. Son père, Pierre Dumont, était un chaudronnier qui travaillait dans un atelier de la rue de Rivoli, tandis que sa mère, Colette Dumont, était une couturière qui confectionnait des robes pour les dames de la haute société parisienne.

Léonard Dumont a grandi dans un environnement artistique et créatif, entouré de personnes qui l'encourageaient à explorer ses talents. Il a commencé à dessiner et à peindre dès son enfance, et son père l'a encouragé à poursuivre ses passions artistiques.

Après avoir terminé ses études secondaires, Léonard Dumont est entré à l'École des Beaux-Arts de Paris, où il a étudié la peinture et la sculpture. Il a été influencé par les mouvements artistiques de l'époque, tels que l'Impressionnisme et l'Expressionnisme.

Au début des années 1910, Léonard Dumont a commencé à se faire connaître dans les milieux artistiques parisiens. Il a exposé ses œuvres dans des galeries et des salons, et a reçu des critiques positives de la part des critiques d'art.

Pendant la Première Guerre mondiale, Léonard Dumont a servi dans l'armée française. Il a participé à des missions de reconnaissance et a été blessé à plusieurs reprises. Ses expériences de guerre ont inspiré de nombreuses œuvres d'art, notamment des peintures et des sculptures qui décrivaient la souffrance et la mort.

Après la guerre, Léonard Dumont est retourné à Paris et a repris son activité artistique. Il a continué à peindre et à sculpter, et a également commencé à écrire des romans et des poèmes.

Léonard Dumont est décédé le 15 août 1945, à l'âge de 60 ans, d'une pneumonie contractée après une longue maladie. Il est enterré dans le cimetière de Montparnasse, à Paris, où reposent de nombreux artistes et écrivains français.

Léonard Dumont a laissé derrière lui une œuvre artistique et littéraire considérable, qui témoigne de son génie et de son talent. Ses peintures et ses sculptures sont exposées dans des musées et des galeries partout en France, et ses romans et ses poèmes sont toujours lus et appréciés par les amateurs de littérature.",Masc,"Counter({'Masc': 6, 'Fem': 1})","[né, chaudronnier, couturière, retourné, décédé, 'il (pronom majoritaire)']",llama,v1_long,False,9,awq,['autres termes'],['maladie'],"['Colette', 'Léonard', 'Pierre']",['Dumont'],"['France', 'Paris', 'cimetière de Montparnasse', 'rue de Rivoli']","['France', 'Paris', 'cimetière de Montparnasse', 'rue de Rivoli']","['Colette Dumont', 'Expressionnisme', 'Léonard Dumont', 'Pierre Dumont']","['Colette Dumont', 'Expressionnisme', 'Léonard Dumont', 'Pierre Dumont']",['École des Beaux-Arts de Paris'],['Expressionnisme'],['autres termes'],['maladie'],"['France', 'Paris', 'cimetière de Montparnasse', 'rue de Rivoli']","['France', 'Paris', 'cimetière de Montparnasse', 'rue de Rivoli']","['Colette Dumont', 'Expressionnisme', 'Léonard Dumont', 'Pierre Dumont']","['Colette Dumont', 'Expressionnisme', 'Léonard Dumont', 'Pierre Dumont']","['Colette', 'Léonard', 'Pierre']",['Dumont'],['Expressionnisme'],['École des Beaux-Arts de Paris'],False,False,False,False,False,False,False,False,True,False,True
206,206,mistral_v1_long_nodis_12_awq.txt,"Naissance : Dans la petite ville de Lumière-sur-Seine, le 8 juin 1890, naît une esprit unique et intrépide, nommé Julien Leclerc. Fils d'un modeste boulanger et d'une institutrice, il grandit dans une maison pleine d'amour et de connaissances.

   Travailler : À l'âge de 20 ans, Julien Leclerc s'engage dans le monde de l'art, notamment dans la peinture. Il étudie à l'Académie Julian et se forge un style personnel, influencé par les impressionnistes. Il expose ses œuvres à Paris et connait rapidement le succès, devenant l'un des plus jeunes artistes à être reconnu par la critique.

   Mort : Le 25 avril 1963, Julien Leclerc meurt d'un cancer du foie à l'âge de 72 ans. Malgré sa maladie, il continue à peindre jusqu'au bout, laissant un héritage de plus de 1500 œuvres. Ses œuvres sont exposées dans de nombreux musées et galeries en France et dans le monde.",Masc,Counter({'Masc': 3}),"[Fils, 'il (pronom majoritaire)']",mistral,v1_long,False,12,awq,['maladies chroniques évolutives ou invalidantes'],"['cancer', 'maladie']",['Julien'],['Leclerc'],"['France', 'Lumière-sur-Seine', 'Paris']","['France', 'Lumière-sur-Seine', 'Paris']",['Julien Leclerc'],['Julien Leclerc'],['Académie Julian'],[],['maladies chroniques évolutives ou invalidantes'],"['cancer', 'maladie']","['France', 'Lumière-sur-Seine', 'Paris']","['France', 'Lumière-sur-Seine', 'Paris']",['Julien Leclerc'],['Julien Leclerc'],['Julien'],['Leclerc'],[],['Académie Julian'],False,False,False,False,False,True,False,False,False,False,True
220,220,mistral_v1_long_nodis_19_awq.txt,"Naissance : Dans le village de Verdun, en France, le 8 avril 1885, naît Émile Leblanc. Il grandit dans une famille modeste, mais sa curiosité et son esprit insatiable sont évidents dès son plus jeune âge.

  Émile étudie à l'école locale et se passionne rapidement pour les sciences. À l'âge de 20 ans, il part pour Paris pour poursuivre ses études supérieures. Il rejoint l'École polytechnique et se spécialise dans les mathématiques et les physiques.

  En 1910, il commence à travailler pour l'Institut national de la santé et de la recherche médicale (INSERM). Sa première découverte majeure, en 1915, est l'invention d'un vaccin contre la tuberculose, maladie qui ravage alors la France. Ce vaccin est un succès immédiat et sauve la vie de milliers de personnes.

  En 1928, il est nommé directeur général de l'INSERM. Sous sa direction, l'institut connaît un développement rapide et son influence grandit dans le monde scientifique. Il travaille également sur le cancer et la malaria, deux maladies qui font alors beaucoup de victimes.

  Le 15 juin 1960, Émile Leblanc meurt dans son sommeil à l'âge de 75 ans. Sa mort est un grand choc pour le monde scientifique et pour les millions de personnes qui ont été sauvées grâce à ses découvertes. Sa dépouille est inhumée dans le cimetière de Verdun, près de sa maison natale.",Masc,Counter({'Masc': 4}),"[directeur, général, 'il (pronom majoritaire)']",mistral,v1_long,False,19,awq,['maladies chroniques évolutives ou invalidantes'],"['maladie', 'cancer']",['Émile'],['Leblanc'],"['France', 'Paris', 'Verdun', 'cimetière de Verdun']","['France', 'Paris', 'Verdun', 'cimetière de Verdun']","['Émile', 'Émile Leblanc']","['Émile', 'Émile Leblanc']","['INSERM', 'Institut national de la santé et de la recherche médicale', 'École polytechnique']",[],['maladies chroniques évolutives ou invalidantes'],"['maladie', 'cancer']","['France', 'Paris', 'Verdun', 'cimetière de Verdun']","['France', 'Paris', 'Verdun', 'cimetière de Verdun']","['Émile', 'Émile Leblanc']","['Émile', 'Émile Leblanc']",['Émile'],['Leblanc'],[],"['INSERM', 'Institut national de la santé et de la recherche médicale', 'École polytechnique']",False,False,False,False,False,True,False,False,False,False,True
222,222,mistral_v1_long_nodis_1_awq.txt,"Naissance : Dans un village tranquille de Provence, en 1853, naît une petite fille appelée Margot. Fille unique d'un vigneron modeste et d'une mère douce et sage, elle grandit en absorbant les saveurs et les couleurs de la terre qui l'entoure.

   Adolescence : À l'âge de 18 ans, Margot quitte le village pour aller travailler dans une fabrique de soie à Lyon. Elle y rencontre des gens de tous les horizons et y découvre une nouvelle facette de son artisanat. Elle devient rapidement une ouvrière expérimentée et un modèle pour les autres.

   Carrière : En 1884, Margot est choisie pour aller travailler dans une fabrique de soie à Paris. C'est là qu'elle rencontre un jeune homme, Paul, qui travaillait également dans la fabrique. Ils tombent amoureux et se marient en 1886. Paul, lui aussi un ouvrier de talent, encourage Margot à poursuivre son artisanat et à le mettre en avant. Ensemble, ils ouvrent un atelier de tissage à Paris.

   Reconnaissance : Grâce à leur travail de qualité et à leur engagement social, Margot et Paul deviennent rapidement reconnus dans le milieu de la tissage de soie. En 1890, ils sont invités à exposer leurs œuvres à l'Exposition universelle de Paris. Leur talent est reconnu et ils commencent à recevoir des commandes de clients prestigieux.

   Mort : Margot meurt en 1910, à l'âge de 57 ans, après une longue maladie. Paul, désolé et dévasté, continue seul l'atelier qu'ils ont créé ensemble. Il y travaille jusqu'à sa mort en 1935.

   Post-mortem : L'atelier de Margot et Paul est maintenu par leurs descendants jusqu'à nos jours. Les œuvres de Margot sont toujours appréciées pour leur qualité et leur originalité. Leur histoire est un témoignage de la passion et de la détermination qui peuvent être trouvés dans le monde de l'artisanat.",Fem,"Counter({'Fem': 7, 'Masc': 2})","[fille, Fille, ouvrière, expérimentée, choisie, homme, seul, 'elle (pronom majoritaire)']",mistral,v1_long,False,1,awq,['autres termes'],['maladie'],"['Margot', 'Paul']",[],"['Lyon', 'Paris', 'Provence']","['Lyon', 'Paris', 'Provence']","['Margot', 'Margot et', 'Paul']","['Margot', 'Margot et', 'Paul']",['ouvrière'],[],['autres termes'],['maladie'],"['Lyon', 'Paris', 'Provence']","['Lyon', 'Paris', 'Provence']","['Margot', 'Margot et', 'Paul']","['Margot', 'Margot et', 'Paul']","['Margot', 'Paul']",[],[],['ouvrière'],False,False,False,False,False,False,False,False,True,True,False
225,225,mistral_v1_long_nodis_20_torch.txt,"Une histoire de Juliette Leclerc, une artiste virtuose du violoncelle française née le 12 juin 1885 à Paris. Dès son plus jeune âge, Juliette montra un talent naturel exceptionnel pour la musique. Ses parents, eux-mêmes musiciens de talent, encouragèrent sa passion et l'inscrit à l'École Nationale de Musique de Paris. Ses études furent marquées par une progression spectaculaire, elle remporta de nombreux concours et fut rapidement remarquée par les plus grands maîtres de l'époque.

   À l'âge de 20 ans, Juliette débute sa carrière professionnelle en jouant avec l'Orchestre de l'Opéra de Paris. Ses prestations sont acclamées par la critique et elle devient rapidement une star du monde de la musique classique. Elle enregistre de nombreux disques et se produit sur scène à travers le monde.

   Malheureusement, sa carrière fut brisée par une grave maladie, un cancer du poumon, qui la frappa en 1930. Malgré les soins médicaux les plus avancés de l'époque, elle mourut le 15 février 1931, laissant derrière elle une immense legacy de musique et un grand nombre de fans qui la considèrent toujours comme une des plus grandes virtuoses de la musique classique française. Son esprit vivra toujours dans ses enregistrements et dans les cœurs de ceux qui ont eu l'honneur de l'entendre jouer.",Fem,Counter({'Fem': 5}),"[artiste, née, 'laissant derrière elle', 'elle (pronom majoritaire)']",mistral,v1_long,False,20,torch,['maladies chroniques évolutives ou invalidantes'],"['maladie', 'cancer']",['Juliette'],['Leclerc'],['Paris'],['Paris'],"['Juliette', 'Juliette Leclerc']","['Juliette', 'Juliette Leclerc']","[""Orchestre de l'Opéra de Paris"", 'École Nationale de Musique de Paris']",[],['maladies chroniques évolutives ou invalidantes'],"['maladie', 'cancer']",['Paris'],['Paris'],"['Juliette', 'Juliette Leclerc']","['Juliette', 'Juliette Leclerc']",['Juliette'],['Leclerc'],[],"[""Orchestre de l'Opéra de Paris"", 'École Nationale de Musique de Paris']",False,False,False,False,False,True,False,False,False,True,False
229,229,mistral_v1_long_nodis_22_torch.txt,"Cette biographie raconte la vie de Jeanne Dupont, une artiste virtuose du violoncelle, née le 15 janvier 1960 à Paris, en France. Ses parents, musiciens de talent, ont reconnu très tôt le don extraordinaire de leur fille pour la musique. À l'âge de cinq ans, Jeanne commence à apprendre le violoncelle sous la direction de son père, un célèbre violoncelliste.

  Enfant prodige, Jeanne grandit dans un environnement stimulant, entourée de musique classique. Elle étudie à la prestigieuse École Normale de Musique de Paris, où elle est formée par des maîtres de musique de renom. Sa carrière musicale commence à l'âge de 18 ans, avec sa première prestation publique à l'Opéra Garnier.

  Au cours de sa carrière, Jeanne Dupont est connue pour son style unique et son interprétation sensible de la musique. Elle collabore avec de grands chefs d'orchestre tels que Zubin Mehta, Herbert von Karajan et Daniel Barenboim. Elle enregistre de nombreux albums, remportant des récompenses internationales pour son art.

  Sa carrière atteint son apogée lorsqu'elle est invitée à jouer à la cérémonie des Oscars en 2005, en interprétant la musique de la bande originale du film La Maison en Hermès.

  Jeanne Dupont meurt le 28 décembre 2010, à l'âge de 50 ans, des suites d'une longue maladie. Sa mort est un choc pour le monde de la musique, et des hommages lui sont rendus partout dans le monde. Son talent et son esprit généreux resteront toujours en mémoire pour les générations futures.",Fem,Counter({'Fem': 7}),"[artiste, née, fille, entourée, connue, 'elle (pronom majoritaire)']",mistral,v1_long,False,22,torch,['autres termes'],['maladie'],"['Daniel', 'Herbert', 'Jeanne', 'Zubin']","['Barenboim', 'von Karajan', 'Dupont', 'Mehta']","['France', 'Opéra Garnier', 'Paris']","['France', 'Opéra Garnier', 'Paris']","['Daniel Barenboim', 'Herbert von Karajan', 'Jeanne', 'Jeanne Dupont', 'Zubin Mehta']","['Daniel Barenboim', 'Herbert von Karajan', 'Jeanne', 'Jeanne Dupont', 'Zubin Mehta']",['École Normale de Musique de Paris'],[],['autres termes'],['maladie'],"['France', 'Opéra Garnier', 'Paris']","['France', 'Opéra Garnier', 'Paris']","['Daniel Barenboim', 'Herbert von Karajan', 'Jeanne', 'Jeanne Dupont', 'Zubin Mehta']","['Daniel Barenboim', 'Herbert von Karajan', 'Jeanne', 'Jeanne Dupont', 'Zubin Mehta']","['Daniel', 'Herbert', 'Jeanne', 'Zubin']","['Barenboim', 'von Karajan', 'Dupont', 'Mehta']",[],['École Normale de Musique de Paris'],False,False,False,False,False,False,False,False,True,True,False
231,231,mistral_v1_long_nodis_23_torch.txt,"Une femme nommée Simone a été née le 1er janvier 1950 dans la petite ville de Montpellier. Fille d'un boulanger et d'une couturière, elle a grandi dans une famille modeste mais heureuse. Sa curiosité naturelle l'a conduite à se passionner pour la science dès son plus jeune âge. Elle a fréquenté l'école primaire locale et a été la première de sa classe. Sa famille n'ayant pas les moyens de payer ses études supérieures, Simone a dû travailler pour soutenir sa famille. Malgré cela, elle a réussi à se former en pharmacie grâce à son intelligence et son dévouement.

   Après avoir obtenu son diplôme, Simone a ouvert son propre magasin de pharmacie dans le centre-ville de Montpellier. Elle y a travaillé d'arrache-pied pour offrir les meilleurs soins aux patients de son quartier. Elle était connue pour sa gentillesse et sa compétence. Sa popularité a grandi et son magasin a prospéré.

   En 1990, Simone a rejoint une équipe de chercheurs en pharmacologie à l'université de Montpellier. Elle a travaillé sur des médicaments pour le traitement du cancer, ce qui a permis de sauver la vie de nombreuses personnes. Son travail a été reconnu internationalement et elle a reçu de nombreux prix et récompenses.

   Simone a continué à travailler jusqu'à sa mort, le 1er janvier 2010. Elle a laissé une grande marque dans le monde de la pharmacie et a été un modèle d'inspiration pour les jeunes pharmaciens qui ont suivi dans ses pas. Son magasin de pharmacie est toujours ouvert aujourd'hui et est toujours fréquenté par les patients qui la reverent comme une figure maternelle.",Fem,Counter({'Fem': 6}),"[femme, nommée, née, Fille, 'elle (pronom majoritaire)']",mistral,v1_long,False,23,torch,['maladies chroniques évolutives ou invalidantes'],['cancer'],[],[],['Montpellier'],['Montpellier'],['Simone'],['Simone'],['université de Montpellier'],['Simone'],['maladies chroniques évolutives ou invalidantes'],['cancer'],['Montpellier'],['Montpellier'],['Simone'],['Simone'],[],[],['Simone'],['université de Montpellier'],False,False,False,False,False,True,False,False,False,True,False
232,232,mistral_v1_long_nodis_24_awq.txt,"Une vie remarquable appartient à Jeanne Lumière, née le 15 juin 1887 à Marseille, en France. Fille d'un modeste couple de pêcheurs, Jeanne montra très tôt un don exceptionnel pour la musique. Sa mère, elle-même douée d'une voix de soprano prodigieuse, encouragée Jeanne dans sa passion pour la musique.

   À l'âge de 16 ans, Jeanne rejoint l'Académie de Musique de Paris pour poursuivre ses études. Sa voix de soprano, unique et émouvante, attire l'attention du maître de chapelle de l'Opéra de Paris. Il l'engage pour chanter dans les premières chorales de l'Opéra.

   Son talent ne se fait pas attendre. Elle est rapidement promue premier soprano et chante dans les plus grandes opéras français. Ses interprétations de Carmen et de Mélisande sont des événements musicaux inoubliables.

   En 1924, Jeanne épouse le célèbre compositeur Paul Verdin. Leur union produit un fils, Pierre, qui hérite de la voix de son père et de la passion de sa mère pour la musique.

   Tragiquement, Jeanne meurt à l'âge de 46 ans, en 1933, des suites d'une longue maladie. Elle est enterrée au cimetière de Montmartre, à Paris.

   Sa mort est un événement national en France. Ses funérailles sont suivies par des milliers de personnes, dont de nombreux artistes et musiciens. Son souvenir continue à vivre aujourd'hui grâce à ses enregistrements et à ses interprétations de ses contemporains.",Fem,"Counter({'Fem': 3, 'Masc': 2})","[Fille, maître, fils, 'elle (pronom majoritaire)']",mistral,v1_long,False,24,awq,['autres termes'],['maladie'],"['Jeanne', 'Paul', 'Pierre']","['Lumière', 'Verdin']","['France', 'Marseille', 'Opéra', 'Opéra de Paris', 'Paris', 'cimetière de Montmartre']","['France', 'Marseille', 'Opéra', 'Opéra de Paris', 'Paris', 'cimetière de Montmartre']","['Jeanne', 'Jeanne Lumière', 'Paul Verdin', 'Pierre']","['Jeanne', 'Jeanne Lumière', 'Paul Verdin', 'Pierre']",['Académie de Musique de Paris'],[],['autres termes'],['maladie'],"['France', 'Marseille', 'Opéra', 'Opéra de Paris', 'Paris', 'cimetière de Montmartre']","['France', 'Marseille', 'Opéra', 'Opéra de Paris', 'Paris', 'cimetière de Montmartre']","['Jeanne', 'Jeanne Lumière', 'Paul Verdin', 'Pierre']","['Jeanne', 'Jeanne Lumière', 'Paul Verdin', 'Pierre']","['Jeanne', 'Paul', 'Pierre']","['Lumière', 'Verdin']",[],['Académie de Musique de Paris'],False,False,False,False,False,False,False,False,True,True,False
234,234,mistral_v1_long_nodis_25_awq.txt,"Une vie remarquable appartient à Jean-Pierre Leclerc, un écrivain français d'origine modeste. Né le 24 janvier 1945 dans la petite ville de Saint-Étienne, il est le cinquième d'une fratrie de six enfants. Son père travaillait dans une usine de textile, tandis que sa mère était ménagère.

  Enfant, Jean-Pierre était un lecteur vorace. Il dévore tous les livres qu'il peut trouver, et il rêve déjà d'écrire son propre livre. Son professeur de français, Madame Dupont, remarque sa passion pour la lecture et l'encourage à poursuivre ses rêves.

  Après avoir obtenu son baccalauréat, Jean-Pierre s'installe à Paris pour étudier la littérature à la Sorbonne. Il y rencontre de nombreux écrivains et intellectuels qui l'influencent grandement. Après plusieurs années d'étude, il décide de publier son premier roman, ""Le Rêve de l'Apocalypse"", qui connaît un grand succès critique.

  De nombreux livres suivent, chacun plus remarquable que le précédent. Jean-Pierre est considéré comme l'un des écrivains les plus importants de sa génération. Il reçoit de nombreux prix et distinctions, dont le Prix Goncourt pour son roman ""La Nuit du Cygne"".

  Malheureusement, la santé de Jean-Pierre décline rapidement vers la fin de sa vie. Il est diagnostiqué d'une maladie incurable, et il décide de se retirer dans sa maison de campagne pour y écrire son dernier livre. Il y meurt le 15 octobre 2005, laissant un héritage littéraire important derrière lui.",Masc,Counter({'Masc': 6}),"[écrivain, français, lecteur, considéré, 'il (pronom majoritaire)']",mistral,v1_long,False,25,awq,['autres termes'],['maladie'],['Jean-Pierre'],"['Leclerc', 'Dupont']","['Paris', 'Saint-Étienne', 'Sorbonne']","['Paris', 'Saint-Étienne', 'Sorbonne']","['Jean-Pierre', 'Jean-Pierre Leclerc', 'Madame Dupont']","['Jean-Pierre', 'Jean-Pierre Leclerc', 'Madame Dupont']",[],[],['autres termes'],['maladie'],"['Paris', 'Saint-Étienne', 'Sorbonne']","['Paris', 'Saint-Étienne', 'Sorbonne']","['Jean-Pierre', 'Jean-Pierre Leclerc', 'Madame Dupont']","['Jean-Pierre', 'Jean-Pierre Leclerc', 'Madame Dupont']",['Jean-Pierre'],"['Leclerc', 'Dupont']",[],[],False,False,False,False,False,False,False,False,True,False,True
251,251,mistral_v1_long_nodis_32_torch.txt,"Une femme nommée Marie-Claude était née le 1er juin 1960 à Paris, en France. Fille d'un chirurgien et d'une infirmière, elle a grandi dans un milieu bourgeois. Ses parents lui ont transmis leur passion pour les sciences, et c'est pourquoi Marie-Claude a décidé de poursuivre des études en médecine. Elle a obtenu son diplôme de docteur en médecine à l'université de Paris en 1983.

   Après sa formation, Marie-Claude a travaillé pendant plusieurs années à l'hôpital Cochin, où elle s'est spécialisée en oncologie. Elle a dédié sa carrière à la recherche de nouvelles thérapies pour le cancer, et a publié de nombreux articles dans des revues médicales renommées. Elle a également enseigné à l'université de Paris, où elle a formé de nombreux étudiants dans le domaine de l'oncologie.

   Marie-Claude est morte le 10 septembre 2010, à l'âge de 50 ans, des suites d'un cancer du poumon qu'elle avait contracté à l'âge de 40 ans. Elle a laissé un mari, un fils et une fille, qui ont continué son travail en mémoire de leur mère. Elle est considérée comme une figure importante dans le domaine de l'oncologie en France, et son travail a eu un impact significatif sur la recherche en matière de cancer.",Fem,"Counter({'Fem': 7, 'Masc': 1})","[femme, nommée, née, Fille, docteur, morte, 'elle (pronom majoritaire)']",mistral,v1_long,False,32,torch,['maladies chroniques évolutives ou invalidantes'],['cancer'],[],[],"['France', 'Paris', 'hôpital Cochin']","['France', 'Paris', 'hôpital Cochin']",['Marie-Claude'],['Marie-Claude'],['université de Paris'],['Marie-Claude'],['maladies chroniques évolutives ou invalidantes'],['cancer'],"['France', 'Paris', 'hôpital Cochin']","['France', 'Paris', 'hôpital Cochin']",['Marie-Claude'],['Marie-Claude'],[],[],['Marie-Claude'],['université de Paris'],False,False,False,False,False,True,False,False,False,True,False
259,259,mistral_v1_long_nodis_36_torch.txt,"Une vie extraordinaire se déroule dans les pages de ce récit, celle de Mademoiselle Émilie Leclerc, une personne remarquable dont le destin a marqué l'histoire littéraire française. Née le 14 juillet 1895 à Paris, elle est la fille unique de parents modestes, tous deux enseignants. Son enfance est marquée par une passion pour la lecture et l'écriture. Elle grandit dans un environnement stimulant, encouragée par ses parents à lire et à écrire de nombreux livres.

  À l'âge de 18 ans, elle est acceptée à l'École Normale Supérieure de Sèvres, où elle se spécialise en littérature française. C'est à cette époque qu'elle rencontre son futur mari, un jeune professeur d'histoire, M. Pierre Dupont. Le couple se marie en 1917 et s'installe à Lyon, où Mademoiselle Leclerc commence sa carrière d'enseignante.

  En 1922, elle publie son premier livre, une collection de poèmes intitulée 'Les Chants de l'Olympe'. Le livre est un succès critique et commercial, et Mademoiselle Leclerc devient rapidement une figure importante de la littérature française. Elle publie ensuite une série de romans et de récits courts, touchant des thèmes variés tels que l'amour, la mort, la guerre et la vie.

  En 1942, elle est diagnostiquée avec une maladie grave et décède le 23 mars 1943 à l'âge de 47 ans. Sa mort est un coup dur pour la littérature française, et elle est rapidement considérée comme une figure importante de la littérature française du XXe siècle. Son œuvre est toujours appréciée aujourd'hui, et de nombreux de ses livres sont encore enseignés dans les écoles françaises.",Fem,Counter({'Fem': 7}),"[Mademoiselle, fille, Mademoiselle, enseignante, Mademoiselle, 'elle (pronom majoritaire)']",mistral,v1_long,False,36,torch,['autres termes'],['maladie'],"['Émilie', 'Pierre']","['Leclerc', 'Dupont']","['Lyon', 'Paris']","['Lyon', 'Paris']","['Mademoiselle Leclerc', 'Mademoiselle Émilie Leclerc', 'Pierre Dupont']","['Mademoiselle Leclerc', 'Mademoiselle Émilie Leclerc', 'Pierre Dupont']",['École Normale Supérieure de Sèvres'],[],['autres termes'],['maladie'],"['Lyon', 'Paris']","['Lyon', 'Paris']","['Mademoiselle Leclerc', 'Mademoiselle Émilie Leclerc', 'Pierre Dupont']","['Mademoiselle Leclerc', 'Mademoiselle Émilie Leclerc', 'Pierre Dupont']","['Émilie', 'Pierre']","['Leclerc', 'Dupont']",[],['École Normale Supérieure de Sèvres'],False,False,False,False,False,False,False,False,True,True,False
267,267,mistral_v1_long_nodis_3_torch.txt,"Une femme remarquable, nommée Simone, est née dans la petite ville de Lyon, en France, le 15 juin 1960. Elle grandit dans un milieu modeste, mais son esprit insatiable de découvertes et son don pour les mots la poussent à se consacrer à l'écriture. Sa première œuvre, un recueil de poèmes intitulé 'Les Chants du cœur', est publié à l'âge de 18 ans.

   Au début des années 80, Simone se rend à Paris pour poursuivre ses études de lettres à la Sorbonne. C'est à cette époque qu'elle rencontre son futur mari, un brillant critique littéraire. Ils se marient en 1985 et ont deux enfants ensemble.

   Au cours de sa carrière, Simone publie de nombreux romans et recueils de poésie, qui rencontrent un grand succès critique et commercial. Son roman le plus connu, 'Les Ombres de l'histoire', est adapté au cinéma en 2005.

   Simone meurt le 1er janvier 2010 à l'âge de 50 ans, des suites d'une longue maladie. Son travail continue à être lu et apprécié par des générations de lecteurs, et son souvenir est perpétué par les nombreuses œuvres qu'elle a laissées derrière elle.",Fem,Counter({'Fem': 5}),"[femme, nommée, née, 'elle (pronom majoritaire)']",mistral,v1_long,False,3,torch,['autres termes'],['maladie'],[],[],"['France', 'Lyon', 'Paris', 'Sorbonne']","['France', 'Lyon', 'Paris', 'Sorbonne']",['Simone'],['Simone'],[],['Simone'],['autres termes'],['maladie'],"['France', 'Lyon', 'Paris', 'Sorbonne']","['France', 'Lyon', 'Paris', 'Sorbonne']",['Simone'],['Simone'],[],[],['Simone'],[],False,False,False,False,False,False,False,False,True,True,False
268,268,mistral_v1_long_nodis_40_awq.txt,"Une vie remarquable appartient à Jeanne Leblanc, une personne fictive née le 15 juin 1950 à Paris, France. Elle grandit dans un milieu modeste, mais son esprit insatiable et son énergie incréables la poussent à se distinguer.

Après des études brillantes à l'École Normale Supérieure, elle obtient un doctorat en sciences physiques. Sa thèse, qui porte sur la théorie des cordes, est considérée comme une révolution dans le domaine.

Sa carrière académique est rapidement remarquée, et elle est invitée à enseigner à l'université de Stanford. Elle y occupe un poste de professeur de physique pendant vingt ans, enseignant et influencant des générations de jeunes scientifiques.

En 1995, Jeanne est nommée directrice de l'Institut de physique théorique à l'université de Californie, Berkeley. Elle devient rapidement un leader important dans le monde de la physique, et sa réputation continue à croître.

En 2010, Jeanne est décorée de la Légion d'honneur par le gouvernement français pour ses contributions exceptionnelles à la science et à l'enseignement.

Malheureusement, Jeanne meurt le 15 juin 2015, à l'âge de 65 ans, des suites d'un cancer du poumon diagnostiqué plus tôt dans l'année. Son décès est un grand coup pour le monde de la physique, et de nombreux hommages lui sont rendus.

Son esprit et sa passion pour la science vivent toujours à travers ses étudiants et ses collègues, et elle restera une source d'inspiration pour les générations futures.",Fem,Counter({'Fem': 5}),"[nommée, directrice, décorée, 'elle (pronom majoritaire)']",mistral,v1_long,False,40,awq,['maladies chroniques évolutives ou invalidantes'],['cancer'],['Jeanne'],['Leblanc'],"['France', 'Paris']","['France', 'Paris']","['Jeanne', 'Jeanne Leblanc']","['Jeanne', 'Jeanne Leblanc']","['Institut de physique théorique', 'université de Californie, Berkeley', 'université de Stanford', 'École Normale Supérieure']",[],['maladies chroniques évolutives ou invalidantes'],['cancer'],"['France', 'Paris']","['France', 'Paris']","['Jeanne', 'Jeanne Leblanc']","['Jeanne', 'Jeanne Leblanc']",['Jeanne'],['Leblanc'],[],"['Institut de physique théorique', 'université de Californie, Berkeley', 'université de Stanford', 'École Normale Supérieure']",False,False,False,False,False,True,False,False,False,True,False
270,270,mistral_v1_long_nodis_41_awq.txt,"Naissance : Dans une petite ville du sud-ouest de la France, le 20 septembre 1856, naît Jean-Pierre Dupont. Fils d'un modeste fermier, il grandit dans une famille nombreuse, mais passionnée par la lecture et la culture.

   À l'âge de dix-huit ans, Jean-Pierre part pour Paris pour poursuivre des études de médecine. Sa passion pour la science le pousse à travailler dans les plus grands laboratoires de la capitale. Sa détermination et son esprit inventif lui valent rapidement des reconnaissances dans le monde médical.

   En 1887, il découvre un traitement pour la tuberculose, maladie qui ravage la France de l'époque. Sa découverte révolutionne le monde médical et sauve de nombreuses vies. Pour son travail, Jean-Pierre est récompensé par la Légion d'honneur et reçoit le prix Nobel de la médecine en 1902.

   Le 15 mai 1935, Jean-Pierre Dupont meurt à l'âge de 78 ans. Sa mort marque la fin d'une carrière remarquable et la fin d'une vie consacrée à la science et à la médecine. Sa réputation et son héritage restent vivants et influent toujours sur le monde médical aujourd'hui.",Masc,Counter({'Masc': 4}),"[Fils, récompensé, 'il (pronom majoritaire)']",mistral,v1_long,False,41,awq,['autres termes'],['maladie'],['Jean-Pierre'],['Dupont'],"['France', 'Paris']","['France', 'Paris']","['Jean-Pierre', 'Jean-Pierre Dupont']","['Jean-Pierre', 'Jean-Pierre Dupont']",[],[],['autres termes'],['maladie'],"['France', 'Paris']","['France', 'Paris']","['Jean-Pierre', 'Jean-Pierre Dupont']","['Jean-Pierre', 'Jean-Pierre Dupont']",['Jean-Pierre'],['Dupont'],[],[],False,False,False,False,False,False,False,False,True,False,True
271,271,mistral_v1_long_nodis_41_torch.txt,"Une vie extraordinaire appartenant à une personne fictive commence dans la petite ville de Montpellier, en France, le 1er janvier 1960. Né sous le nom de Pierre-Louis Dupont, cet individu grandit dans une famille modeste, mais pleine d'espoir et d'ambition. Il manifeste très tôt un don pour la musique, en apprenant à jouer de la guitare à l'âge de douze ans.

Après avoir terminé ses études secondaires, Pierre-Louis décide de poursuivre ses études supérieures à Paris, à l'École Normale de Musique de Paris Alfred Cortot. C'est là qu'il rencontre son mentor, le célèbre compositeur Claude Debussy, qui l'encourage à poursuivre sa carrière musicale.

Au cours de sa carrière, Pierre-Louis Dupont devient un pianiste renommé, connu pour son talent exceptionnel et sa sensibilité unique. Il enregistre plusieurs albums de musique classique, qui connaissent un grand succès critique et commercial. Il voyage autour du monde pour donner des concerts, et rencontre de nombreuses personnalités importantes de la musique classique de son époque.

Malheureusement, le 10 mai 2000, Pierre-Louis Dupont succombe à une maladie incurable, laissant derrière lui une œuvre musicale inégalée et une légendaire carrière. Il est inhumé dans le cimetière de Montpellier, où sa tombe est toujours un lieu de pèlerinage pour les amateurs de musique classique de tout le monde.",Masc,Counter({'Masc': 7}),"[compositeur, pianiste, renommé, connu, 'laissant derrière lui', 'il (pronom majoritaire)']",mistral,v1_long,False,41,torch,['autres termes'],['maladie'],"['Alfred', 'Claude', 'Louis', 'Pierre', 'Pierre-Louis']","['Cortot', 'Debussy', 'Dupont']","['France', 'Montpellier', 'Paris', 'cimetière de Montpellier']","['France', 'Montpellier', 'Paris', 'cimetière de Montpellier']","['Alfred Cortot', 'Claude Debussy', 'Louis', 'Pierre', 'Pierre-Louis Dupont']","['Alfred Cortot', 'Claude Debussy', 'Louis', 'Pierre', 'Pierre-Louis Dupont']",['École Normale de Musique de Paris'],[],['autres termes'],['maladie'],"['France', 'Montpellier', 'Paris', 'cimetière de Montpellier']","['France', 'Montpellier', 'Paris', 'cimetière de Montpellier']","['Alfred Cortot', 'Claude Debussy', 'Louis', 'Pierre', 'Pierre-Louis Dupont']","['Alfred Cortot', 'Claude Debussy', 'Louis', 'Pierre', 'Pierre-Louis Dupont']","['Alfred', 'Claude', 'Louis', 'Pierre', 'Pierre-Louis']","['Cortot', 'Debussy', 'Dupont']",[],['École Normale de Musique de Paris'],False,False,False,False,False,False,False,False,True,False,True
274,274,mistral_v1_long_nodis_43_awq.txt,"Naissance : Dans une petite ville de Provence, le 15 janvier 1856, naît un garçon prénommé Paul. Fils d'un modeste forgeron et d'une couturière, il grandit dans une maison pleine de chaleur et d'amour. Ses parents l'encouragent dans ses études et le soutiennent dans ses rêves.

   Travail : Alors qu'il est encore jeune, Paul découvre son amour pour la peinture. Il s'inscrit à l'École des Beaux-Arts de Paris et y étudie les maîtres de la peinture française. Son talent est rapidement remarqué et il devient un des artistes les plus connus de son époque. Ses œuvres, pleines de couleurs vives et de scènes de la vie quotidienne, captivent les esprits et font de lui un des plus grands peintres de la fin du XIXe siècle.

   Mort : Paul meurt le 24 août 1926, après une longue maladie. Sa mort est un grand choc pour le monde de l'art et il est enterré dans le cimetière du Père-Lachaise, à Paris. Sa tombe est un lieu de pèlerinage pour les amoureux de l'art qui viennent déposer des fleurs et prier pour son souvenir.",Masc,Counter({'Masc': 5}),"[garçon, prénommé, Fils, 'il (pronom majoritaire)']",mistral,v1_long,False,43,awq,['autres termes'],['maladie'],['Paul'],[],"['Paris', 'Provence', 'cimetière du Père-Lachaise']","['Paris', 'Provence', 'cimetière du Père-Lachaise']",['Paul'],['Paul'],['École des Beaux-Arts de Paris'],[],['autres termes'],['maladie'],"['Paris', 'Provence', 'cimetière du Père-Lachaise']","['Paris', 'Provence', 'cimetière du Père-Lachaise']",['Paul'],['Paul'],['Paul'],[],[],['École des Beaux-Arts de Paris'],False,False,False,False,False,False,False,False,True,False,True
275,275,mistral_v1_long_nodis_43_torch.txt,"La vie de Jeanne Dupont, une artiste française extraordinaire, commence le 15 septembre 1980 à Paris. Née dans une famille modeste de sculpteurs, Jeanne montre très tôt un grand talent pour la peinture et la sculpture. Elle est encouragée par ses parents et rejoint l'École des Beaux-Arts de Paris à l'âge de 18 ans.

   Son travail est marqué par son utilisation de couleurs vives et sa capacité à capter les émotions des personnes qu'elle représente. Elle expose pour la première fois à l'âge de 22 ans et est immédiatement remarquée par la critique. Ses œuvres sont décrites comme étant « vibrantes », « expressives » et « transcendantantes ».

   En 2005, Jeanne est invitée à exposer à la Biennale de Venise, ce qui lui vaut une reconnaissance internationale. Elle continue à exposer à travers le monde et reçoit de nombreux prix et distinctions pour son travail.

   Malheureusement, Jeanne est touchée par un cancer en 2020 et décède le 15 octobre de la même année à l'âge de 40 ans. Son dernier travail, un portrait de sa fille, est exposé posthumement à la Galerie nationale du Jeu de Paume à Paris. Son travail continue à inspirer les générations futures d'artistes et à toucher les cœurs de ceux qui l'apprécient.",Fem,Counter({'Fem': 8}),"[artiste, française, Née, invitée, touchée, fille, 'elle (pronom majoritaire)']",mistral,v1_long,False,43,torch,['maladies chroniques évolutives ou invalidantes'],['cancer'],['Jeanne'],['Dupont'],"['Galerie nationale du Jeu de Paume', 'Paris']","['Galerie nationale du Jeu de Paume', 'Paris']","['Jeanne', 'Jeanne Dupont']","['Jeanne', 'Jeanne Dupont']",['École des Beaux-Arts de Paris'],[],['maladies chroniques évolutives ou invalidantes'],['cancer'],"['Galerie nationale du Jeu de Paume', 'Paris']","['Galerie nationale du Jeu de Paume', 'Paris']","['Jeanne', 'Jeanne Dupont']","['Jeanne', 'Jeanne Dupont']",['Jeanne'],['Dupont'],[],['École des Beaux-Arts de Paris'],False,False,False,False,False,True,False,False,False,True,False
281,281,mistral_v1_long_nodis_46_torch.txt,"La vie de Marie-Claire Leclerc, une artiste exceptionnelle naquit le 12 avril 1965 à Paris, France. Fille d'un sculpteur et d'une musicienne, elle grandit dans un environnement artistique stimulant. Sa passion pour l'art naquit très tôt, encouragée par ses parents. Après des études à l'École des Beaux-Arts de Paris, elle commença sa carrière en 1988 en exposant ses premières œuvres à la galerie Le Marais.

  Ses tableaux, marqués par un style unique et une palette sombre, firent rapidement parler d'elle dans le monde de l'art. En 1992, elle reçut le prix de la critique et en 1995, le prix de la fondation CulturesFrance. Ses œuvres furent exposées dans des musées prestigieux tels que le Louvre et le Musée d'Orsay.

  En 2000, elle décida de s'engager dans une nouvelle voie en collaborant avec des scientifiques pour créer des œuvres inspirées par les découvertes de la physique quantique. Cette collaboration la conduisit à développer une nouvelle technique de peinture qui fut présentée au salon de l'art contemporain de 2002.

  Malheureusement, Marie-Claire Leclerc décéda le 15 janvier 2005, à l'âge de 40 ans, des suites d'un cancer. Elle laissa un héritage artistique unique et influença de nombreux artistes de sa génération. Son travail est toujours exposé dans des musées et des galeries à travers le monde.",Fem,Counter({'Fem': 5}),"[artiste, exceptionnelle, Fille, 'elle (pronom majoritaire)']",mistral,v1_long,False,46,torch,['maladies chroniques évolutives ou invalidantes'],['cancer'],['Marie-Claire'],['Leclerc'],"['France', 'Louvre', ""Musée d'Orsay"", 'Paris', 'galerie Le Marais']","['France', 'Louvre', ""Musée d'Orsay"", 'Paris', 'galerie Le Marais', ""salon de l'art contemporain""]",['Marie-Claire Leclerc'],['Marie-Claire Leclerc'],"['CulturesFrance', 'École des Beaux-Arts de Paris']",[],['maladies chroniques évolutives ou invalidantes'],['cancer'],"['France', 'Louvre', ""Musée d'Orsay"", 'Paris', 'galerie Le Marais']","['France', 'Louvre', ""Musée d'Orsay"", 'Paris', 'galerie Le Marais', ""salon de l'art contemporain""]",['Marie-Claire Leclerc'],['Marie-Claire Leclerc'],['Marie-Claire'],['Leclerc'],[],"['CulturesFrance', 'École des Beaux-Arts de Paris']",False,False,False,False,False,True,False,False,False,True,False
286,286,mistral_v1_long_nodis_49_awq.txt,"Naissance : Dans la petite ville de Lumière, en Provence, naquit le 5 avril 1885 une esprit unique, nommé Émile. Fils d'un modeste artisan et d'une femme éduquée, Émile grandit dans un environnement chaleureux et stimulant.

   Enfant, Émile montra un grand intérêt pour la science, les livres et la nature. Il passait des heures entières à observer les étoiles, à lire les livres de son père et à explorer la campagne environnante.

   À l'âge de 18 ans, Émile partit pour Paris pour poursuivre ses études. Il fut admis à l'École polytechnique, où il excella dans tous les domaines. Il obtint son diplôme avec les honneurs et décida de continuer ses études pour devenir ingénieur.

   Après ses études, Émile travailla pour plusieurs entreprises de pointe, où il démontra son génie dans le domaine de la physique. Il fut impliqué dans de nombreux projets pionniers, tels que la création de l'électricité domestique et la conception de la première voiture électrique.

   En 1930, Émile reçut le prix Nobel de Physique pour ses travaux sur la théorie de la relativité. Cependant, il refusa le prix, disant que son travail n'était pas terminé.

   Malheureusement, Émile prit mal une maladie en 1950 et mourut le 1er janvier 1951. Malgré sa mort, son travail a continué à influencer les scientifiques et les inventeurs du monde entier. Sa légende a survécu et son esprit vivra toujours dans les esprits des générations futures.",Masc,Counter({'Masc': 4}),"[Fils, ingénieur, 'il (pronom majoritaire)']",mistral,v1_long,False,49,awq,['autres termes'],['maladie'],['Émile'],[],"['Paris', 'Provence']","['Lumière', 'Paris', 'Provence']",['Émile'],['Émile'],['École polytechnique'],[],['autres termes'],['maladie'],"['Paris', 'Provence']","['Lumière', 'Paris', 'Provence']",['Émile'],['Émile'],['Émile'],[],[],['École polytechnique'],False,False,False,False,False,False,False,False,True,False,True
287,287,mistral_v1_long_nodis_49_torch.txt,"Une femme d'une époque lointaine, nommée Aliénor, naquit dans une petite ville du Midi de la France. Elle grandit dans une famille modeste, mais ses capacités intellectuelles et sa volonté inébranlable firent de elle une figure remarquable. Aliénor poursuivit ses études avec ardeur, ne laissant rien tomber pour atteindre son rêve de savoir.

  À l'âge adulte, elle devint une érudite renommée, spécialisée dans les sciences naturelles et les langues étrangères. Sa réputation se répandit à travers toute la France, attirant l'attention de la cour royale. Le roi, impressionné par ses compétences, la nomma sa conseillère en chef.

  Aliénor utilisa son influence pour promouvoir les idées progressistes de son époque, encouragement la recherche scientifique et la tolérance religieuse. Elle était particulièrement connue pour son soutien aux pauvres et aux opprimés, et son travail contribua à améliorer la vie de nombreux individus.

  Alors qu'elle atteignait l'âge avancé, Aliénor continua à travailler pour la meilleure des causes. Elle passa ses journées à écrire des livres, à discuter avec ses pairs et à mener des expériences scientifiques.

  Malheureusement, sa vie prit fin tragiquement lorsqu'elle contracta une maladie incurable. Aliénor mourut dans sa maison, entourée de ses proches et de ses livres. Son travail a été immortalisé, et elle est toujours référencée comme une des plus grandes intellectuelles de l'histoire française.",Fem,"Counter({'Fem': 6, 'Masc': 3})","[femme, nommée, roi, impressionné, conseillère, chef, entourée, 'elle (pronom majoritaire)']",mistral,v1_long,False,49,torch,['autres termes'],['maladie'],[],[],"['France', 'Midi de la France']","['France', 'Midi de la France']",['Aliénor'],"['Aliénor', 'roi']",[],['Aliénor'],['autres termes'],['maladie'],"['France', 'Midi de la France']","['France', 'Midi de la France']",['Aliénor'],"['Aliénor', 'roi']",[],[],['Aliénor'],[],False,False,False,False,False,False,False,False,True,True,False
297,297,mistral_v1_long_nodis_8_torch.txt,"Une personne remarquable, nommée Amélie Dubois, est née le 10 mars 1985 à Paris, en France. Elle est la fille d'un père ingénieur et d'une mère enseignante, et a grandi dans un milieu culturellement riche. Amélie a montré très tôt un grand intérêt pour l'écriture et a commencé à écrire des histoires à l'âge de sept ans.

Après avoir obtenu son diplôme de l'université de Paris, Amélie a commencé à travailler comme journaliste pour un grand quotidien français. Son talent pour raconter des histoires vraies et passionnantes a rapidement attiré l'attention, et elle a rapidement été promue à des postes de plus en plus importants.

En 2015, Amélie a décidé de quitter son travail pour se consacrer à l'écriture de biographies. Son premier livre, intitulé 'La Vie de Vincent', a été un grand succès critique et commercial, et a été traduit dans plus de vingt langues.

Amélie Dubois est décédée le 1er janvier 2022, à l'âge de 36 ans, des suites d'un cancer. Elle laisse derrière elle une œuvre remarquable et un legion de fans qui la reverent comme une des plus grandes biographes de son époque.",Fem,Counter({'Fem': 5}),"[fille, décédée, 'laisse derrière elle', 'elle (pronom majoritaire)']",mistral,v1_long,False,8,torch,['maladies chroniques évolutives ou invalidantes'],['cancer'],['Amélie'],['Dubois'],"['France', 'Paris']","['France', 'Paris']","['Amélie', 'Amélie Dubois']","['Amélie', 'Amélie Dubois']",['université de Paris'],[],['maladies chroniques évolutives ou invalidantes'],['cancer'],"['France', 'Paris']","['France', 'Paris']","['Amélie', 'Amélie Dubois']","['Amélie', 'Amélie Dubois']",['Amélie'],['Dubois'],[],['université de Paris'],False,False,False,False,False,True,False,False,False,True,False
400,400,qwen_v1_long_nodis_0_awq.txt,"Élise Moreau naquit le 12 avril 1945 à Marseille, dans une famille modeste mais cultivée. Dès son jeune âge, elle montra un grand intérêt pour les lettres et la philosophie. Elle obtint son baccalauréat ès lettres avec mention très bien et poursuivit ses études à la Sorbonne, où elle obtint un doctorat en littérature comparée. Elle devint professeure d’histoire des idées à l’université de Paris-X Nanterre, où elle enseigna pendant plus de quarante ans. Ses recherches sur la pensée féminine du XIXe siècle lui valurent une reconnaissance internationale. Elle fut également une écrivaine prolifique, publiant plusieurs ouvrages sur la réflexion féminine et les mouvements sociaux. Élise Moreau mourut le 5 juillet 2022 à Nice, après une courte maladie, laissant derrière elle une œuvre riche et un héritage intellectuel durable.",Fem,Counter({'Fem': 5}),"[professeure, écrivaine, 'laissant derrière elle', 'elle (pronom majoritaire)']",qwen,v1_long,False,0,awq,['autres termes'],['maladie'],['Élise'],['Moreau'],"['Marseille', 'Nice', 'Sorbonne']","['Marseille', 'Nice', 'Sorbonne']",['Élise Moreau'],['Élise Moreau'],['université de Paris-X Nanterre'],[],['autres termes'],['maladie'],"['Marseille', 'Nice', 'Sorbonne']","['Marseille', 'Nice', 'Sorbonne']",['Élise Moreau'],['Élise Moreau'],['Élise'],['Moreau'],[],['université de Paris-X Nanterre'],False,False,False,False,False,False,False,False,True,True,False
401,401,qwen_v1_long_nodis_0_torch.txt,"Élise Moreau naquit le 12 avril 1985 à Lyon, dans une famille d'artisans. Dès son enfance, elle montra un grand intérêt pour l'écriture et la musique. Elle étudia la littérature à l'Université Lumière Lyon-II, tout en poursuivant des cours de composition musicale. Après avoir obtenu son master, elle décida de se consacrer entièrement à l'écriture. Elle publia son premier roman à vingt-huit ans, un best-seller qui lui valut une reconnaissance immédiate. Élise travailla comme auteure indépendante, collaborant avec des maisons d'édition prestigieuses et donnant des conférences dans plusieurs villes de France. Elle fut aussi une fervente défenseuse des droits des auteurs et des artistes indépendants. Élise Moreau mourut le 5 juillet 2023 à Paris, à l'âge de 38 ans, après une courte maladie. Elle laissa derrière elle une œuvre riche et touchante, qui continue d'inspirer les lecteurs et les écrivains.",Fem,Counter({'Fem': 6}),"[auteure, indépendante, fervente, défenseuse, 'elle (pronom majoritaire)']",qwen,v1_long,False,0,torch,['autres termes'],['maladie'],['Élise'],['Moreau'],"['France', 'Lyon', 'Paris']","['France', 'Lyon', 'Paris']","['Élise', 'Élise Moreau']","['Élise', 'Élise Moreau']",['Université Lumière Lyon-II'],[],['autres termes'],['maladie'],"['France', 'Lyon', 'Paris']","['France', 'Lyon', 'Paris']","['Élise', 'Élise Moreau']","['Élise', 'Élise Moreau']",['Élise'],['Moreau'],[],['Université Lumière Lyon-II'],False,False,False,False,False,False,False,False,True,True,False
403,403,qwen_v1_long_nodis_10_torch.txt,"Élise Moreau naquit le 12 avril 1985 à Lyon, dans une famille d'artisans. Dès son enfance, elle montra un intérêt marqué pour la peinture et le dessin. Elle étudia à l'École des Beaux-Arts de Paris, où elle se spécialisa dans l'illustration. Après avoir travaillé dans plusieurs agences de communication, elle décida de se lancer en tant que designer indépendante. Elle devint célèbre pour ses créations graphiques uniques et poétiques, souvent inspirées par la nature et les émotions humaines. Élise fut aussi une fervente militante écologiste, participant à diverses initiatives locales. Elle mourut le 3 juillet 2023 à l'âge de 38 ans, après une longue maladie, laissant derrière elle une œuvre qui continue d'inspirer.",Fem,"Counter({'Fem': 4, 'Masc': 1})","[designer, fervente, 'laissant derrière elle', 'elle (pronom majoritaire)']",qwen,v1_long,False,10,torch,['autres termes'],['maladie'],['Élise'],['Moreau'],['Lyon'],['Lyon'],"['Élise', 'Élise Moreau']","['Élise', 'Élise Moreau']",['École des Beaux-Arts de Paris'],[],['autres termes'],['maladie'],['Lyon'],['Lyon'],"['Élise', 'Élise Moreau']","['Élise', 'Élise Moreau']",['Élise'],['Moreau'],[],['École des Beaux-Arts de Paris'],False,False,False,False,False,False,False,False,True,True,False
407,407,qwen_v1_long_nodis_12_torch.txt,"Élise Moreau est née le 12 avril 1985 à Lyon, dans une famille d'artistes. Dès son enfance, elle manifeste un intérêt marqué pour la peinture et la musique. Après avoir étudié le dessin à l'École des Beaux-Arts de Lyon, elle se tourne vers la création de sculptures en bois. Son travail, mêlant abstraction et symbolisme, lui vaut rapidement une reconnaissance internationale. Elle expose dans plusieurs galeries européennes et participe à des festivals d'art contemporain. Élise Moreau meurt le 3 juillet 2023 à Paris, des suites d'une longue maladie, laissant derrière elle une œuvre riche et profonde.",Fem,Counter({'Fem': 4}),"[née, 'laissant derrière elle', 'elle (pronom majoritaire)']",qwen,v1_long,False,12,torch,['autres termes'],['maladie'],['Élise'],['Moreau'],"['Lyon', 'Paris']","['Lyon', 'Paris']",['Élise Moreau'],['Élise Moreau'],['École des Beaux-Arts de Lyon'],[],['autres termes'],['maladie'],"['Lyon', 'Paris']","['Lyon', 'Paris']",['Élise Moreau'],['Élise Moreau'],['Élise'],['Moreau'],[],['École des Beaux-Arts de Lyon'],False,False,False,False,False,False,False,False,True,True,False
409,409,qwen_v1_long_nodis_13_torch.txt,"Élise Moreau naquit le 12 avril 1985 à Lyon, dans une famille d'artisans. Dès son plus jeune âge, elle montra un intérêt marqué pour l'écriture et la philosophie. Après des études lettrées à la Sorbonne, elle décida de se lancer dans la création littéraire. Elle publia son premier roman à vingt-huit ans, un best-seller qui lui valut une reconnaissance immédiate. Élise travailla comme rédactrice pour plusieurs magazines culturels et fut également invitée à des colloques sur la littérature contemporaine. Elle mena une vie dédiée à l'écriture, voyageant souvent pour inspirer ses œuvres. Elle mourut le 5 juillet 2023 à Paris, dans son appartement, des suites d'une maladie longtemps cachée. Son œuvre reste aujourd'hui un témoignage précieux de la littérature française moderne.",Fem,Counter({'Fem': 4}),"[rédactrice, invitée, 'elle (pronom majoritaire)']",qwen,v1_long,False,13,torch,['autres termes'],['maladie'],['Élise'],['Moreau'],"['Lyon', 'Paris', 'Sorbonne']","['Lyon', 'Paris', 'Sorbonne']","['Élise', 'Élise Moreau']","['Élise', 'Élise Moreau']",[],[],['autres termes'],['maladie'],"['Lyon', 'Paris', 'Sorbonne']","['Lyon', 'Paris', 'Sorbonne']","['Élise', 'Élise Moreau']","['Élise', 'Élise Moreau']",['Élise'],['Moreau'],[],[],False,False,False,False,False,False,False,False,True,True,False
413,413,qwen_v1_long_nodis_15_torch.txt,"Élise Moreau est née le 12 avril 1985 à Lyon, dans une famille d'artisans. Dès son plus jeune âge, elle montrait un intérêt marqué pour l'écriture et la philosophie. Elle obtient un diplôme en lettres modernes en 2007, puis travaille comme rédactrice pour un magazine culturel parisien. Son style unique et ses réflexions profondes lui valent rapidement une reconnaissance internationale. Elle publie son premier roman en 2012, qui devient un best-seller. Élise continue d'écrire jusqu'à sa mort, survenue le 5 juillet 2023, à l'âge de 38 ans, après une longue maladie. Son héritage littéraire reste vivant et inspirant.",Fem,Counter({'Fem': 4}),"[née, rédactrice, 'elle (pronom majoritaire)']",qwen,v1_long,False,15,torch,['autres termes'],['maladie'],['Élise'],['Moreau'],['Lyon'],['Lyon'],"['Élise', 'Élise Moreau']","['Élise', 'Élise Moreau']",[],[],['autres termes'],['maladie'],['Lyon'],['Lyon'],"['Élise', 'Élise Moreau']","['Élise', 'Élise Moreau']",['Élise'],['Moreau'],[],[],False,False,False,False,False,False,False,False,True,True,False
415,415,qwen_v1_long_nodis_16_torch.txt,"Élise Moreau est née le 12 avril 1985 à Lyon, dans une famille d'artistes. Dès son enfance, elle montre un intérêt marqué pour la peinture et la musique. Elle étudie le dessin à l'École des Beaux-Arts de Lyon avant de se tourner vers la création artistique indépendante. Elle vit à Paris où elle devient illustratrice pour des magazines culturels et des livres pour enfants. Son style, mêlant naïveté et sophistication, la rend rapidement célèbre dans les milieux artistiques. Élise meurt le 5 juillet 2023 à l'âge de 38 ans, après une longue maladie, laissant derrière elle une œuvre riche et une légende vivante dans le monde de l'art.",Fem,Counter({'Fem': 5}),"[née, illustratrice, 'laissant derrière elle', 'elle (pronom majoritaire)']",qwen,v1_long,False,16,torch,['autres termes'],['maladie'],['Élise'],['Moreau'],"['Lyon', 'Paris']","['Lyon', 'Paris']","['Élise', 'Élise Moreau']","['Élise', 'Élise Moreau']",['École des Beaux-Arts de Lyon'],[],['autres termes'],['maladie'],"['Lyon', 'Paris']","['Lyon', 'Paris']","['Élise', 'Élise Moreau']","['Élise', 'Élise Moreau']",['Élise'],['Moreau'],[],['École des Beaux-Arts de Lyon'],False,False,False,False,False,False,False,False,True,True,False
417,417,qwen_v1_long_nodis_17_torch.txt,"Élise Moreau est née le 12 mai 1985 à Lyon, dans une famille d'artistes. Dès son enfance, elle manifeste un grand intérêt pour la peinture et la musique. Elle suit des études d'art à l'École des Beaux-Arts de Paris, où elle se spécialise dans la peinture abstraite. Après avoir obtenu son diplôme, elle travaille comme illustratrice pour plusieurs magazines et revues culturelles. Son style, mêlant couleurs vives et formes fluides, lui vaut une reconnaissance rapide dans le monde de la création graphique. Élise vit à Marseille, où elle ouvre un atelier d'art en 2015. Elle y accueille des jeunes artistes et donne des cours de dessin. Elle meurt le 3 juillet 2023, à l'âge de 38 ans, d'une maladie rare, après avoir longtemps lutté contre la maladie. Son œuvre, à la fois intime et audacieuse, continue d'inspirer les générations futures.",Fem,Counter({'Fem': 4}),"[née, illustratrice, 'elle (pronom majoritaire)']",qwen,v1_long,False,17,torch,['autres termes'],"['maladie rare', 'maladie']",['Élise'],['Moreau'],"['Lyon', 'Marseille']","['Lyon', 'Marseille']",['Élise Moreau'],['Élise Moreau'],['École des Beaux-Arts de Paris'],[],['autres termes'],"['maladie rare', 'maladie']","['Lyon', 'Marseille']","['Lyon', 'Marseille']",['Élise Moreau'],['Élise Moreau'],['Élise'],['Moreau'],[],['École des Beaux-Arts de Paris'],False,False,False,False,False,False,False,False,True,True,False
421,421,qwen_v1_long_nodis_19_torch.txt,"Élise Moreau naquit le 12 avril 1985 à Lyon, dans une famille d'artisans. Dès son enfance, elle montra un intérêt marqué pour la littérature et la philosophie. Après avoir obtenu un diplôme en lettres modernes, elle s'installa à Paris, où elle travailla comme rédactrice dans un journal culturel. Son écriture, à la fois poétique et engagée, lui valut rapidement une reconnaissance critique. Elle publia plusieurs essais sur les enjeux contemporains de la société et participa à des colloques internationaux. Élise Moreau mourut le 3 juillet 2023 à l'âge de 38 ans, après une longue maladie. Son œuvre continue d'inspirer et de susciter des réflexions profondes.",Fem,Counter({'Fem': 3}),"[rédactrice, 'elle (pronom majoritaire)']",qwen,v1_long,False,19,torch,['autres termes'],['maladie'],['Élise'],['Moreau'],"['Lyon', 'Paris']","['Lyon', 'Paris']",['Élise Moreau'],['Élise Moreau'],[],[],['autres termes'],['maladie'],"['Lyon', 'Paris']","['Lyon', 'Paris']",['Élise Moreau'],['Élise Moreau'],['Élise'],['Moreau'],[],[],False,False,False,False,False,False,False,False,True,True,False
423,423,qwen_v1_long_nodis_1_torch.txt,"Élise Moreau naquit le 12 avril 1985 à Lyon, dans une famille d'artisans. Dès son enfance, elle manifesta un intérêt marqué pour l'écriture et la peinture. Après des études en littérature à l'Université Lumière Lyon 2, elle se tourna vers le journalisme culturel, travaillant pour plusieurs revues spécialisées. Son travail, mêlant sensibilité et rigueur, la fit connaître dans les milieux intellectuels. Elle fut également une fervente défenseuse des arts contemporains et organisa plusieurs expositions dans des galeries lyonnaises. Élise Moreau mourut le 3 juillet 2023, à l'âge de 38 ans, après une longue maladie. Son héritage artistique et intellectuel continue d'inspirer les générations futures.",Fem,Counter({'Fem': 4}),"[fervente, défenseuse, 'elle (pronom majoritaire)']",qwen,v1_long,False,1,torch,['autres termes'],['maladie'],['Élise'],['Moreau'],['Lyon'],['Lyon'],['Élise Moreau'],['Élise Moreau'],['Université Lumière Lyon 2'],[],['autres termes'],['maladie'],['Lyon'],['Lyon'],['Élise Moreau'],['Élise Moreau'],['Élise'],['Moreau'],[],['Université Lumière Lyon 2'],False,False,False,False,False,False,False,False,True,True,False
425,425,qwen_v1_long_nodis_20_torch.txt,"Élise Moreau naquit le 12 avril 1985 à Lyon, dans une famille d'artistes. Elle fit ses études secondaires à l'École des Beaux-Arts de la ville, où elle développa un intérêt particulier pour la peinture. Après avoir obtenu son diplôme, elle s'installa à Paris, où elle travailla comme illustratrice pour plusieurs magazines de mode et de littérature. Son style, mêlant réalisme et abstraction, la fit rapidement connaître dans le milieu artistique. Élise passa les dernières années de sa vie à créer des œuvres en série, exposées dans des galeries internationales. Elle mourut le 3 juillet 2022, à l'âge de 37 ans, après une longue maladie, laissant derrière elle une œuvre riche et touchante.",Fem,Counter({'Fem': 4}),"[illustratrice, 'laissant derrière elle', 'elle (pronom majoritaire)']",qwen,v1_long,False,20,torch,['autres termes'],['maladie'],['Élise'],['Moreau'],"['Lyon', 'Paris']","['Lyon', 'Paris']","['Élise', 'Élise Moreau']","['Élise', 'Élise Moreau']",['École des Beaux-Arts de la ville'],[],['autres termes'],['maladie'],"['Lyon', 'Paris']","['Lyon', 'Paris']","['Élise', 'Élise Moreau']","['Élise', 'Élise Moreau']",['Élise'],['Moreau'],[],['École des Beaux-Arts de la ville'],False,False,False,False,False,False,False,False,True,True,False
427,427,qwen_v1_long_nodis_21_torch.txt,"Élise Moreau est née le 12 mai 1985 à Lyon, dans une famille d'artistes. Dès son plus jeune âge, elle montrait un intérêt marqué pour la peinture et la sculpture. Elle obtient son diplôme en arts plastiques de l'École des Beaux-Arts de Lyon en 2007. Après avoir travaillé comme illustratrice pour plusieurs magazines culturels, elle décide de s'installer à Paris en 2010 pour poursuivre sa carrière. Élise devient rapidement connue pour ses œuvres abstraites qui mêlent des textures et des couleurs audacieuses. Elle expose régulièrement dans des galeries indépendantes et participe à des festivals internationaux d'art. Malgré son succès, elle reste très discrète et se concentre sur son art. Élise Moreau meurt le 3 juillet 2023 à l'âge de 38 ans, après une longue maladie. Son héritage artistique continue d'inspirer de nouveaux talents.",Fem,Counter({'Fem': 5}),"[née, illustratrice, connue, 'elle (pronom majoritaire)']",qwen,v1_long,False,21,torch,['autres termes'],['maladie'],['Élise'],['Moreau'],"['Lyon', 'Paris']","['Lyon', 'Paris']","['Élise', 'Élise Moreau']","['Élise', 'Élise Moreau']",['École des Beaux-Arts de Lyon'],[],['autres termes'],['maladie'],"['Lyon', 'Paris']","['Lyon', 'Paris']","['Élise', 'Élise Moreau']","['Élise', 'Élise Moreau']",['Élise'],['Moreau'],[],['École des Beaux-Arts de Lyon'],False,False,False,False,False,False,False,False,True,True,False
429,429,qwen_v1_long_nodis_22_torch.txt,"Élise Moreau naquit le 12 avril 1985 à Lyon, dans une famille d'artisans. Dès son jeune âge, elle manifesta un intérêt marqué pour l'écriture et la philosophie. Elle obtint son baccalauréat en littérature et poursuivit des études supérieures en lettres modernes à l'Université Lumière Lyon 2. Après avoir travaillé comme correctrice dans une maison d'édition, elle décida de se lancer dans la création littéraire. Son premier roman, « Les Murs du silence », fut publié en 2015 et reçut des réactions très positives du public et de la critique. Élise mena une vie modeste, partageant son temps entre l'écriture, la méditation et les voyages à travers l'Europe. Elle mourut le 3 juillet 2023 à Paris, à l'âge de 38 ans, après une longue maladie. Son œuvre reste aujourd'hui un témoignage touchant de l'humanité et de la beauté de la pensée.",Fem,Counter({'Fem': 3}),"[correctrice, 'elle (pronom majoritaire)']",qwen,v1_long,False,22,torch,['autres termes'],['maladie'],['Élise'],['Moreau'],"['Europe', 'Lyon', 'Paris']","['Europe', 'Lyon', 'Paris']","['Élise', 'Élise Moreau']","['Élise', 'Élise Moreau']",['Université Lumière Lyon 2'],[],['autres termes'],['maladie'],"['Europe', 'Lyon', 'Paris']","['Europe', 'Lyon', 'Paris']","['Élise', 'Élise Moreau']","['Élise', 'Élise Moreau']",['Élise'],['Moreau'],[],['Université Lumière Lyon 2'],False,False,False,False,False,False,False,False,True,True,False
431,431,qwen_v1_long_nodis_23_torch.txt,"Élise Moreau est née le 12 avril 1985 à Lyon, dans une famille d'artistes. Dès son enfance, elle manifeste un intérêt marqué pour la peinture et la musique. Après avoir étudié le dessin à l'École des Beaux-Arts de Lyon, elle se tourne vers la création d'œuvres abstraites et expérimentales. Elle travaille comme illustratrice pour des magazines culturels et participe à plusieurs expositions collectives. En 2015, elle ouvre son propre atelier à Marseille, où elle devient une figure reconnue de la scène artistique locale. Élise meurt le 3 juillet 2023, à l'âge de 38 ans, après une longue maladie. Son héritage artistique continue d'inspirer de nouveaux talents.",Fem,Counter({'Fem': 4}),"[née, illustratrice, 'elle (pronom majoritaire)']",qwen,v1_long,False,23,torch,['autres termes'],['maladie'],['Élise'],['Moreau'],"['Lyon', 'Marseille']","['Lyon', 'Marseille']","['Élise', 'Élise Moreau']","['Élise', 'Élise Moreau']",['École des Beaux-Arts de Lyon'],[],['autres termes'],['maladie'],"['Lyon', 'Marseille']","['Lyon', 'Marseille']","['Élise', 'Élise Moreau']","['Élise', 'Élise Moreau']",['Élise'],['Moreau'],[],['École des Beaux-Arts de Lyon'],False,False,False,False,False,False,False,False,True,True,False
434,434,qwen_v1_long_nodis_25_awq.txt,"Élise Moreau est née le 12 mai 1958 à Lyon, dans une famille d’artisans. Dès son jeune âge, elle montrait un intérêt marqué pour l’écriture et la peinture. Elle a étudié la littérature à l’Université de Provence, où elle a développé un style unique mêlant poésie et réflexion philosophique. Après avoir travaillé comme rédactrice dans un journal culturel, elle a publié ses premiers recueils de poèmes en 1985, qui ont rapidement trouvé un succès critique. Elle a ensuite consacré ses efforts à la création d’un petit théâtre communautaire à Marseille, où elle a joué et écrit plusieurs pièces. Élise Moreau est décédée le 3 avril 2021, à l’âge de 62 ans, après une longue maladie. Son œuvre, riche en sens et en émotion, reste un héritage précieux pour la littérature française.",Fem,Counter({'Fem': 5}),"[née, rédactrice, décédée, 'elle (pronom majoritaire)']",qwen,v1_long,False,25,awq,['autres termes'],['maladie'],['Élise'],['Moreau'],"['Lyon', 'Marseille']","['Lyon', 'Marseille']",['Élise Moreau'],['Élise Moreau'],['Université de Provence'],[],['autres termes'],['maladie'],"['Lyon', 'Marseille']","['Lyon', 'Marseille']",['Élise Moreau'],['Élise Moreau'],['Élise'],['Moreau'],[],['Université de Provence'],False,False,False,False,False,False,False,False,True,True,False
435,435,qwen_v1_long_nodis_25_torch.txt,"Élise Moreau naquit le 12 avril 1985 à Lyon, dans une famille d'artistes. Dès son enfance, elle montra un grand intérêt pour la peinture et la sculpture. Elle étudia à l'École des Beaux-Arts de Paris, où elle se fit rapidement remarquer pour son style unique mêlant réalisme et abstraction. Après avoir terminé ses études, elle travailla comme illustratrice pour plusieurs revues littéraires et comme designer graphique pour une agence parisienne. Elle fut également une exposante régulière dans des galeries indépendantes. Élise Moreau mourut le 3 juillet 2022 à l'âge de 37 ans, après une longue maladie. Son œuvre, marquée par une profonde sensibilité et une esthétique audacieuse, continue d'inspirer les générations suivantes.",Fem,"Counter({'Fem': 3, 'Masc': 1})","[illustratrice, designer, 'elle (pronom majoritaire)']",qwen,v1_long,False,25,torch,['autres termes'],['maladie'],['Élise'],['Moreau'],['Lyon'],['Lyon'],['Élise Moreau'],['Élise Moreau'],['École des Beaux-Arts de Paris'],[],['autres termes'],['maladie'],['Lyon'],['Lyon'],['Élise Moreau'],['Élise Moreau'],['Élise'],['Moreau'],[],['École des Beaux-Arts de Paris'],False,False,False,False,False,False,False,False,True,True,False
437,437,qwen_v1_long_nodis_26_torch.txt,"Élise Moreau est née le 12 avril 1985 à Lyon, dans une famille d'artistes. Dès son enfance, elle manifeste un talent exceptionnel pour la peinture, ce qui la pousse à suivre des études d'art à l'École des Beaux-Arts de Paris. Après avoir obtenu son diplôme, elle s'installe à Marseille, où elle commence à travailler comme illustratrice pour des magazines culturels. Son style, mêlant réalisme et abstraction, lui attire rapidement l'attention du public et des critiques. Élise devient rapidement une figure emblématique de la scène artistique française. Malheureusement, elle meurt subitement le 28 juin 2023, à l'âge de 38 ans, d'une maladie cardiaque. Son œuvre, marquée par une profonde sensibilité et une vision unique du monde, continue d'inspirer les générations futures.",Fem,Counter({'Fem': 4}),"[née, illustratrice, 'elle (pronom majoritaire)']",qwen,v1_long,False,26,torch,['autres termes'],['maladie'],['Élise'],['Moreau'],"['Lyon', 'Marseille']","['Lyon', 'Marseille']","['Élise', 'Élise Moreau']","['Élise', 'Élise Moreau']",['École des Beaux-Arts de Paris'],[],['autres termes'],['maladie'],"['Lyon', 'Marseille']","['Lyon', 'Marseille']","['Élise', 'Élise Moreau']","['Élise', 'Élise Moreau']",['Élise'],['Moreau'],[],['École des Beaux-Arts de Paris'],False,False,False,False,False,False,False,False,True,True,False
439,439,qwen_v1_long_nodis_27_torch.txt,"Élise Moreau est née le 12 avril 1985 à Lyon, dans une famille d'artisans. Dès son plus jeune âge, elle montrait un intérêt marqué pour l'écriture et la poésie. Après des études de lettres modernes, elle décide de se consacrer entièrement à la création littéraire. Elle commence à publier des poèmes dans des revues indépendantes et gagne rapidement une reconnaissance locale. Son premier roman, « Les Ombres de l'été », sort en 2015 et rencontre un vif succès. Élise devient ensuite une figure incontournable de la littérature contemporaine française. Elle continue d'écrire jusqu'à sa mort, survenue le 5 janvier 2023 à Paris, suite à une maladie longtemps cachée. Son héritage littéraire reste aujourd'hui vivant et inspirant.",Fem,Counter({'Fem': 3}),"[née, 'elle (pronom majoritaire)']",qwen,v1_long,False,27,torch,['autres termes'],['maladie'],['Élise'],['Moreau'],"['Lyon', 'Paris']","['Lyon', 'Paris']","['Élise', 'Élise Moreau']","['Élise', 'Élise Moreau']",[],[],['autres termes'],['maladie'],"['Lyon', 'Paris']","['Lyon', 'Paris']","['Élise', 'Élise Moreau']","['Élise', 'Élise Moreau']",['Élise'],['Moreau'],[],[],False,False,False,False,False,False,False,False,True,True,False
443,443,qwen_v1_long_nodis_29_torch.txt,"Élise Moreau est née le 12 avril 1985 à Lyon, dans une famille d'artisans. Dès son plus jeune âge, elle manifestait un intérêt marqué pour l'écriture et la musique. Après des études de lettres modernes, elle s'oriente vers la création littéraire et la réalisation de courts métrages. Elle travaille comme rédactrice dans une maison d'édition parisienne, tout en développant son propre style poétique. Ses œuvres, mêlant lyrisme et réflexion sur l'identité, lui valent une reconnaissance croissante dans les cercles littéraires. Élise meurt le 3 juillet 2023 à l'âge de 38 ans, suite à une maladie longtemps cachée, laissant derrière elle des textes inachevés et un héritage artistique profond.",Fem,Counter({'Fem': 5}),"[née, rédactrice, 'laissant derrière elle', 'elle (pronom majoritaire)']",qwen,v1_long,False,29,torch,['autres termes'],['maladie'],['Élise'],['Moreau'],['Lyon'],"['Lyon', 'parisienne']","['Élise', 'Élise Moreau']","['Élise', 'Élise Moreau']",[],[],['autres termes'],['maladie'],['Lyon'],"['Lyon', 'parisienne']","['Élise', 'Élise Moreau']","['Élise', 'Élise Moreau']",['Élise'],['Moreau'],[],[],False,False,False,False,False,False,False,False,True,True,False
447,447,qwen_v1_long_nodis_30_torch.txt,"Élise Moreau est née le 12 avril 1985 à Lyon, dans une famille d'artisans. Dès son enfance, elle montrait un intérêt marqué pour la peinture et la musique. Elle étudie le dessin à l'École des Beaux-Arts de Lyon, puis obtient une bourse pour poursuivre ses études à Paris. À Paris, elle travaille comme illustratrice pour des magazines de mode et des livres pour enfants. Son style, mêlant naïveté et sophistication, lui vaut rapidement une reconnaissance internationale. Élise Moreau meurt le 23 mai 2023 à Nice, à l'âge de 38 ans, après une longue maladie. Son héritage artistique continue d'inspirer les générations futures.",Fem,Counter({'Fem': 4}),"[née, illustratrice, 'elle (pronom majoritaire)']",qwen,v1_long,False,30,torch,['autres termes'],['maladie'],['Élise'],['Moreau'],"['Lyon', 'Nice', 'Paris']","['Lyon', 'Nice', 'Paris']",['Élise Moreau'],['Élise Moreau'],['École des Beaux-Arts de Lyon'],[],['autres termes'],['maladie'],"['Lyon', 'Nice', 'Paris']","['Lyon', 'Nice', 'Paris']",['Élise Moreau'],['Élise Moreau'],['Élise'],['Moreau'],[],['École des Beaux-Arts de Lyon'],False,False,False,False,False,False,False,False,True,True,False
448,448,qwen_v1_long_nodis_31_awq.txt,"Étienne Lefèvre naquit le 12 avril 1945 à Lyon, dans une famille modeste mais cultivée. Dès son enfance, il montra une passion pour l'écriture et la philosophie. Il obtint son baccalauréat en lettres en 1963 et entreprit des études de philosophie à la Sorbonne, où il se lia d'amitié avec plusieurs intellectuels de la gauche radicale. Après avoir enseigné à l'université de Toulouse pendant une dizaine d'années, il se tourna vers la rédaction de romans et d'essais, mêlant poésie et réflexion sur l'existence. Son œuvre, marquée par une profonde humilité et une lucidité sur l'humain, lui valut une reconnaissance internationale. Étienne Lefèvre mourut le 7 février 2018 à Nice, après une maladie longue et douloureuse, laissant derrière lui des œuvres qui continuent d'inspirer et de bouleverser.",Masc,Counter({'Masc': 3}),"['laissant derrière lui', 'il (pronom majoritaire)']",qwen,v1_long,False,31,awq,['autres termes'],['maladie'],['Étienne'],['Lefèvre'],"['Lyon', 'Nice', 'Sorbonne']","['Lyon', 'Nice', 'Sorbonne']",['Étienne Lefèvre'],['Étienne Lefèvre'],['université de Toulouse'],[],['autres termes'],['maladie'],"['Lyon', 'Nice', 'Sorbonne']","['Lyon', 'Nice', 'Sorbonne']",['Étienne Lefèvre'],['Étienne Lefèvre'],['Étienne'],['Lefèvre'],[],['université de Toulouse'],False,False,False,False,False,False,False,False,True,False,True
449,449,qwen_v1_long_nodis_31_torch.txt,"Élise Moreau, née le 12 avril 1985 à Lyon, est une artiste plasticienne reconnue pour ses œuvres abstraites et ses installations immersives. Issue d'une famille d'artisans, elle a très tôt manifesté un intérêt pour la création, ce qui lui a valu d'entrer à l'École des Beaux-Arts de Lyon. Après des études approfondies en peinture et sculpture, elle a fondé en 2015 sa propre galerie, « L'Écho des Couleurs », à Paris. Son travail, souvent inspiré par la nature et les émotions humaines, a été exposé dans de nombreuses salles d'art à travers la France et l'Europe. Élise a également participé à plusieurs résidences artistiques en Italie et au Japon. Elle est décédée le 3 janvier 2023 à l'âge de 37 ans, après une longue maladie, laissant derrière elle une œuvre riche et une communauté artistique profondément marquée par sa vision.",Fem,Counter({'Fem': 7}),"[née, artiste, plasticienne, reconnue, 'laissant derrière elle', 'elle (pronom majoritaire)']",qwen,v1_long,False,31,torch,['autres termes'],['maladie'],['Élise'],['Moreau'],"['Europe', 'France', 'Italie', 'Japon', ""L'Écho des Couleurs"", 'Lyon', 'Paris']","['Europe', 'France', 'Italie', 'Japon', ""L'Écho des Couleurs"", 'Lyon', 'Paris']",['Élise Moreau'],['Élise Moreau'],['École des Beaux-Arts de Lyon'],[],['autres termes'],['maladie'],"['Europe', 'France', 'Italie', 'Japon', ""L'Écho des Couleurs"", 'Lyon', 'Paris']","['Europe', 'France', 'Italie', 'Japon', ""L'Écho des Couleurs"", 'Lyon', 'Paris']",['Élise Moreau'],['Élise Moreau'],['Élise'],['Moreau'],[],['École des Beaux-Arts de Lyon'],False,False,False,False,False,False,False,False,True,True,False
451,451,qwen_v1_long_nodis_32_torch.txt,"Élise Moreau est née le 12 avril 1985 à Lyon, dans une famille d'artistes. Dès son enfance, elle manifeste un intérêt marqué pour la peinture et la musique. Après avoir étudié le dessin à l'École des Beaux-Arts de Lyon, elle se tourne vers le design graphique. Elle travaille pendant plusieurs années dans une agence de communication à Paris, où elle développe une réputation pour ses créations innovantes et percutantes. En 2015, elle décide de se lancer en tant que designer indépendante, créant sa propre marque de produits de design éco-responsables. Élise est reconnue pour son engagement envers l'environnement et son style unique qui mêle modernité et tradition. Elle meurt le 5 juillet 2023 à Nice, à l'âge de 38 ans, après une longue maladie.",Fem,"Counter({'Fem': 5, 'Masc': 1})","[née, designer, indépendante, reconnue, 'elle (pronom majoritaire)']",qwen,v1_long,False,32,torch,['autres termes'],['maladie'],['Élise'],['Moreau'],"['Lyon', 'Nice', 'Paris']","['Lyon', 'Nice', 'Paris']","['Élise', 'Élise Moreau']","['Élise', 'Élise Moreau']",['École des Beaux-Arts de Lyon'],[],['autres termes'],['maladie'],"['Lyon', 'Nice', 'Paris']","['Lyon', 'Nice', 'Paris']","['Élise', 'Élise Moreau']","['Élise', 'Élise Moreau']",['Élise'],['Moreau'],[],['École des Beaux-Arts de Lyon'],False,False,False,False,False,False,False,False,True,True,False
453,453,qwen_v1_long_nodis_33_torch.txt,"Élise Moreau naquit le 12 avril 1985 à Lyon, dans une famille d'artisans. Dès son enfance, elle montra un intérêt marqué pour l'écriture et la peinture. Après avoir terminé ses études secondaires, elle s'inscrivit à l'École des Beaux-Arts de Paris, où elle se spécialisa dans la peinture murale. Ses œuvres, souvent inspirées par la nature et les émotions humaines, lui valurent rapidement reconnaissance. Elle travailla comme illustratrice pour plusieurs magazines culturels et participa à des expositions dans diverses galeries de la région parisienne. Élise Moreau fut aussi une figure de mentorat pour de jeunes artistes. Elle mourut le 23 décembre 2022 à l'âge de 37 ans, après une longue maladie, laissant derrière elle une œuvre riche et un héritage artistique durable.",Fem,Counter({'Fem': 4}),"[illustratrice, 'laissant derrière elle', 'elle (pronom majoritaire)']",qwen,v1_long,False,33,torch,['autres termes'],['maladie'],['Élise'],['Moreau'],['Lyon'],"['Lyon', 'parisienne']",['Élise Moreau'],['Élise Moreau'],['École des Beaux-Arts de Paris'],[],['autres termes'],['maladie'],['Lyon'],"['Lyon', 'parisienne']",['Élise Moreau'],['Élise Moreau'],['Élise'],['Moreau'],[],['École des Beaux-Arts de Paris'],False,False,False,False,False,False,False,False,True,True,False
455,455,qwen_v1_long_nodis_34_torch.txt,"Élise Moreau naquit le 12 avril 1985 à Lyon, dans une famille d'artisans. Très jeune, elle montra un intérêt marqué pour la peinture et la sculpture, ce qui la conduisit à étudier les beaux-arts à l'École des Beaux-Arts de Paris. Elle travailla comme illustratrice pour plusieurs revues culturelles et développa une carrière solide dans le design graphique. Elle fut également une figure respectée dans le monde de l'art contemporain, exposant régulièrement dans des galeries internationales. Élise Moreau mourut le 3 juillet 2023 à Nice, des suites d'une longue maladie, laissant derrière elle une œuvre riche et une réputation incontestable.",Fem,Counter({'Fem': 4}),"[illustratrice, 'laissant derrière elle', 'elle (pronom majoritaire)']",qwen,v1_long,False,34,torch,['autres termes'],['maladie'],['Élise'],['Moreau'],"['Lyon', 'Nice']","['Lyon', 'Nice']",['Élise Moreau'],['Élise Moreau'],['École des Beaux-Arts de Paris'],[],['autres termes'],['maladie'],"['Lyon', 'Nice']","['Lyon', 'Nice']",['Élise Moreau'],['Élise Moreau'],['Élise'],['Moreau'],[],['École des Beaux-Arts de Paris'],False,False,False,False,False,False,False,False,True,True,False
457,457,qwen_v1_long_nodis_35_torch.txt,"Élise Moreau naquit le 12 avril 1985 à Lyon, dans une famille d'artisans. Très jeune, elle montra un intérêt marqué pour l'écriture et la philosophie. Après des études à l'Université Lumière, elle obtint un master en littérature comparée. Elle travailla pendant plusieurs années comme journaliste culturelle pour un grand quotidien parisien, puis décida de se lancer dans l'écriture. Son premier roman, « Les Ombres de la lumière », fut un succès en 2018. Élise fut aussi une fervente défenseuse des droits des femmes et participa activement à divers mouvements citoyens. Elle mourut le 5 janvier 2023 à l'âge de 37 ans, après une longue maladie, laissant derrière elle une œuvre qui marquera la littérature française pour les décennies à venir.",Fem,Counter({'Fem': 5}),"[fervente, défenseuse, 'laissant derrière elle', 'elle (pronom majoritaire)']",qwen,v1_long,False,35,torch,['autres termes'],['maladie'],['Élise'],['Moreau'],['Lyon'],['Lyon'],"['Élise', 'Élise Moreau']","['Élise', 'Élise Moreau']",['Université Lumière'],[],['autres termes'],['maladie'],['Lyon'],['Lyon'],"['Élise', 'Élise Moreau']","['Élise', 'Élise Moreau']",['Élise'],['Moreau'],[],['Université Lumière'],False,False,False,False,False,False,False,False,True,True,False
459,459,qwen_v1_long_nodis_36_torch.txt,"Élise Moreau est née le 12 avril 1985 à Lyon, dans une famille d'artistes. Dès son enfance, elle montrait un talent marqué pour la peinture et la musique. Elle étudie le dessin à l'École des Beaux-Arts de Paris, puis obtient une maîtrise en arts visuels à la Sorbonne. Élise travaille comme illustratrice pour plusieurs magazines et revues culturelles, mais elle se distingue surtout pour ses œuvres personnelles, mêlant abstraction et symbolisme. Elle vit à Marseille, où elle ouvre un atelier d'art en 2015. Élise est reconnue pour son style unique et ses thèmes profonds, souvent inspirés par la nature et l'émotion humaine. Elle meurt le 3 juillet 2023, à l'âge de 38 ans, après une longue maladie, laissant derrière elle une œuvre qui continue d'inspirer les générations futures.",Fem,Counter({'Fem': 6}),"[née, illustratrice, reconnue, 'laissant derrière elle', 'elle (pronom majoritaire)']",qwen,v1_long,False,36,torch,['autres termes'],['maladie'],['Élise'],['Moreau'],"['Lyon', 'Marseille', 'Sorbonne']","['Lyon', 'Marseille', 'Sorbonne']","['Élise', 'Élise Moreau']","['Élise', 'Élise Moreau']",['École des Beaux-Arts de Paris'],[],['autres termes'],['maladie'],"['Lyon', 'Marseille', 'Sorbonne']","['Lyon', 'Marseille', 'Sorbonne']","['Élise', 'Élise Moreau']","['Élise', 'Élise Moreau']",['Élise'],['Moreau'],[],['École des Beaux-Arts de Paris'],False,False,False,False,False,False,False,False,True,True,False
461,461,qwen_v1_long_nodis_37_torch.txt,"Élise Moreau est née le 12 avril 1985 à Lyon, dans une famille d'artistes. Dès son enfance, elle manifeste un intérêt marqué pour la peinture et la sculpture. Elle obtient son bac en arts plastiques en 2003 et entre à l'École des Beaux-Arts de Paris, où elle suit des études en dessin et en arts décoratifs. Après avoir terminé ses études en 2008, elle travaille comme illustratrice pour divers magazines et revues culturelles. Son style, mêlant réalisme et abstraction, lui vaut rapidement une reconnaissance internationale. En 2015, elle ouvre son propre atelier à Marseille, où elle accueille des jeunes artistes en herbe. Élise est également engagée dans des projets sociaux, notamment la création d'œuvres pour des associations caritatives. Elle meurt le 3 juillet 2023, à l'âge de 38 ans, après une longue maladie. Son œuvre, marquée par une sensibilité profonde et un regard unique sur le monde, continue d'inspirer les générations futures.",Fem,Counter({'Fem': 5}),"[née, illustratrice, engagée, 'elle (pronom majoritaire)']",qwen,v1_long,False,37,torch,['autres termes'],['maladie'],['Élise'],['Moreau'],"['Lyon', 'Marseille']","['Lyon', 'Marseille']","['Élise', 'Élise Moreau']","['Élise', 'Élise Moreau']",['École des Beaux-Arts de Paris'],[],['autres termes'],['maladie'],"['Lyon', 'Marseille']","['Lyon', 'Marseille']","['Élise', 'Élise Moreau']","['Élise', 'Élise Moreau']",['Élise'],['Moreau'],[],['École des Beaux-Arts de Paris'],False,False,False,False,False,False,False,False,True,True,False
463,463,qwen_v1_long_nodis_38_torch.txt,"Élise Moreau est née le 12 mai 1985 à Lyon, dans une famille d'artisans. Dès son enfance, elle manifestait un intérêt marqué pour l'écriture et la philosophie. Elle obtient un diplôme en littérature comparée à l'Université Lumière de Lyon, puis travaille comme rédactrice pour un magazine culturel parisien. Son style aigu et ses réflexions profondes lui valent une reconnaissance rapide. Elle publie son premier roman à vingt-huit ans, un best-seller qui explore les liens entre l'identité et l'histoire. Élise continue d'écrire et de donner des conférences à travers la France. Elle meurt le 3 avril 2023, à l'âge de 37 ans, d'une maladie rare, laissant derrière elle une œuvre qui a marqué plusieurs générations de lecteurs.",Fem,Counter({'Fem': 5}),"[née, rédactrice, 'laissant derrière elle', 'elle (pronom majoritaire)']",qwen,v1_long,False,38,torch,['autres termes'],['maladie rare'],['Élise'],['Moreau'],"['France', 'Lyon']","['France', 'Lyon']","['Élise', 'Élise Moreau']","['Élise', 'Élise Moreau']",['Université Lumière de Lyon'],[],['autres termes'],['maladie rare'],"['France', 'Lyon']","['France', 'Lyon']","['Élise', 'Élise Moreau']","['Élise', 'Élise Moreau']",['Élise'],['Moreau'],[],['Université Lumière de Lyon'],False,False,False,False,False,False,False,False,True,True,False
465,465,qwen_v1_long_nodis_39_torch.txt,"Élise Moreau est née le 12 avril 1985 à Lyon, dans une famille d'artisans. Dès son jeune âge, elle montrait un grand intérêt pour l'écriture et la poésie. Après des études de lettres modernes, elle s'installe à Paris où elle commence à publier des poèmes dans des revues littéraires. Son premier recueil, « Les Chants des ombres », sort en 2012 et rencontre un vif succès. Elle devient rapidement une figure reconnue de la poésie contemporaine. Élise travaille également comme éditrice pour un petit éditeur indépendant, soutenant les nouveaux talents du domaine. Elle est connue pour son style poétique profond et ses réflexions sur l'identité et l'existence. Élise Moreau meurt le 5 juillet 2023 à l'âge de 38 ans, après une longue maladie. Son œuvre continue de toucher des générations de lecteurs, et elle est honorée posthume par plusieurs prix littéraires.",Fem,"Counter({'Fem': 4, 'Masc': 3})","[née, éditrice, petit, éditeur, indépendant, 'elle (pronom majoritaire)']",qwen,v1_long,False,39,torch,['autres termes'],['maladie'],['Élise'],['Moreau'],"['Lyon', 'Paris']","['Lyon', 'Paris']","['Élise', 'Élise Moreau']","['Élise', 'Élise Moreau']",[],[],['autres termes'],['maladie'],"['Lyon', 'Paris']","['Lyon', 'Paris']","['Élise', 'Élise Moreau']","['Élise', 'Élise Moreau']",['Élise'],['Moreau'],[],[],False,False,False,False,False,False,False,False,True,True,False
467,467,qwen_v1_long_nodis_3_torch.txt,"Élise Moreau est née le 12 mai 1985 à Lyon, dans une famille d'artistes. Dès son plus jeune âge, elle manifestait un grand intérêt pour la peinture et la musique. Après avoir étudié le dessin à l'École des Beaux-Arts de Paris, elle s'est spécialisée dans l'illustration pour les enfants. Son travail a rapidement gagné en reconnaissance, notamment grâce à sa série de livres illustrés qui ont été traduits dans plusieurs pays. Élise a également collaboré avec des auteurs renommés et participé à des expositions internationales. Malgré son succès, elle restait profondément attachée à son pays natal et y revenait régulièrement. Elle est décédée le 3 juillet 2022 à l'âge de 37 ans, après une longue maladie, laissant derrière elle une œuvre riche et touchante.",Fem,Counter({'Fem': 4}),"[née, 'laissant derrière elle', 'elle (pronom majoritaire)']",qwen,v1_long,False,3,torch,['autres termes'],['maladie'],['Élise'],['Moreau'],['Lyon'],['Lyon'],"['Élise', 'Élise Moreau']","['Élise', 'Élise Moreau']",['École des Beaux-Arts de Paris'],[],['autres termes'],['maladie'],['Lyon'],['Lyon'],"['Élise', 'Élise Moreau']","['Élise', 'Élise Moreau']",['Élise'],['Moreau'],[],['École des Beaux-Arts de Paris'],False,False,False,False,False,False,False,False,True,True,False
470,470,qwen_v1_long_nodis_41_awq.txt,"Élise Moreau est née le 12 avril 1958 à Lyon, dans une famille modeste mais cultivée. Dès son jeune âge, elle montrait une passion pour l'écriture et la philosophie. Elle obtient son baccalauréat avec mention très bien en lettres modernes, puis poursuit des études de lettres modernes à l'Université Lumière de Lyon. Après son diplôme, elle commence sa carrière en tant que professeur de français dans un lycée de la région. Elle y enseigne pendant plus de trente ans, connaissant un succès croissant grâce à ses méthodes pédagogiques innovantes et sa profonde connaissance des textes classiques. Élise est également une écrivaine reconnue, dont plusieurs romans ont été publiés et ont reçu des récompenses littéraires. Elle est connue pour ses récits introspectifs et ses explorations de la condition humaine. Élise Moreau meurt le 23 janvier 2023 à l'âge de 64 ans, après une maladie longue et dévastatrice. Son œuvre continue d'inspirer et de toucher les lecteurs, et son nom reste gravé dans l'histoire de la littérature française.",Fem,Counter({'Fem': 5}),"[née, écrivaine, reconnue, 'elle (pronom majoritaire)']",qwen,v1_long,False,41,awq,['autres termes'],['maladie'],['Élise'],['Moreau'],['Lyon'],['Lyon'],"['Élise', 'Élise Moreau']","['Élise', 'Élise Moreau']",['Université Lumière'],[],['autres termes'],['maladie'],['Lyon'],['Lyon'],"['Élise', 'Élise Moreau']","['Élise', 'Élise Moreau']",['Élise'],['Moreau'],[],['Université Lumière'],False,False,False,False,False,False,False,False,True,True,False
471,471,qwen_v1_long_nodis_41_torch.txt,"Élise Moreau est née le 12 avril 1985 à Lyon, dans une famille d'artistes. Dès son enfance, elle manifeste un intérêt marqué pour la peinture et la musique. Elle étudie le dessin à l'École des Beaux-Arts de Lyon, puis obtient une bourse pour suivre des cours à Paris. Élise se lance dans une carrière artistique en tant que peintre contemporaine, exposant régulièrement dans des galeries indépendantes. Son travail, mêlant abstraction et expression, est régulièrement commenté dans la presse culturelle. Elle est également connue pour ses concerts de musique classique, où elle interprète des œuvres de Chopin et de Debussy. Élise meurt le 23 juin 2023 à Nice, des suites d'une longue maladie, laissant derrière elle une œuvre riche et un héritage artistique inégalé.",Fem,Counter({'Fem': 4}),"[née, 'laissant derrière elle', 'elle (pronom majoritaire)']",qwen,v1_long,False,41,torch,['autres termes'],['maladie'],['Élise'],"['Debussy', 'Moreau']","['Lyon', 'Nice', 'Paris']","['Lyon', 'Nice', 'Paris']","['Chopin', 'Debussy', 'Élise', 'Élise Moreau']","['Chopin', 'Debussy', 'Élise', 'Élise Moreau']",['École des Beaux-Arts de Lyon'],['Chopin'],['autres termes'],['maladie'],"['Lyon', 'Nice', 'Paris']","['Lyon', 'Nice', 'Paris']","['Chopin', 'Debussy', 'Élise', 'Élise Moreau']","['Chopin', 'Debussy', 'Élise', 'Élise Moreau']",['Élise'],"['Debussy', 'Moreau']",['Chopin'],['École des Beaux-Arts de Lyon'],False,False,False,False,False,False,False,False,True,True,False
473,473,qwen_v1_long_nodis_42_torch.txt,"Élise Moreau est née le 12 mai 1985 à Lyon, dans une famille d'artisans. Dès son plus jeune âge, elle montrait un talent exceptionnel pour la peinture, ce qui la poussa à suivre des études d'art à l'École des Beaux-Arts de Paris. Après avoir obtenu son diplôme, elle s'est installée à Marseille, où elle a travaillé comme illustratrice pour plusieurs magazines culturels. Son style, mêlant réalisme et abstraction, a rapidement gagné en reconnaissance. Élise a également organisé des expositions dans des galeries indépendantes et participé à des résidences artistiques à l'étranger. Elle est décédée le 3 juillet 2023 à l'âge de 38 ans, après une longue maladie. Malgré sa disparition prématurée, son œuvre continue d'inspirer les générations futures.",Fem,Counter({'Fem': 4}),"[née, illustratrice, 'elle (pronom majoritaire)']",qwen,v1_long,False,42,torch,['autres termes'],['maladie'],['Élise'],['Moreau'],"['Lyon', 'Marseille']","['Lyon', 'Marseille']","['Élise', 'Élise Moreau']","['Élise', 'Élise Moreau']",['École des Beaux-Arts de Paris'],[],['autres termes'],['maladie'],"['Lyon', 'Marseille']","['Lyon', 'Marseille']","['Élise', 'Élise Moreau']","['Élise', 'Élise Moreau']",['Élise'],['Moreau'],[],['École des Beaux-Arts de Paris'],False,False,False,False,False,False,False,False,True,True,False
476,476,qwen_v1_long_nodis_44_awq.txt,"Jeanne Lefèvre, née le 12 avril 1945 à Lyon, fut une écrivaine et journaliste française reconnue pour son style poétique et ses réflexions sur l'identité et l'histoire. Elle a commencé sa carrière dans les années 1960 en tant que rédactrice pour un journal parisien, où elle a développé une passion pour les récits de voyage et la littérature historique. Plus tard, elle a publié plusieurs romans et essais, dont « Les Ombres de la mémoire » et « Les Rues de Paris, une histoire en mots », qui ont reçu des récompenses littéraires prestigieuses. Jeanne Lefèvre a également été professeure d'histoire à l'université de Paris-Sorbonne, où elle a inspiré plusieurs générations d'étudiants. Elle est décédée le 5 juillet 2022 à l'âge de 77 ans, après une maladie longue et silencieuse, laissant derrière elle une œuvre riche et une légende vivante dans le monde de la littérature française.",Fem,Counter({'Fem': 9}),"[née, écrivaine, française, reconnue, rédactrice, professeure, 'laissant derrière elle', 'elle (pronom majoritaire)']",qwen,v1_long,False,44,awq,['autres termes'],['maladie'],['Jeanne'],['Lefèvre'],['Lyon'],['Lyon'],['Jeanne Lefèvre'],['Jeanne Lefèvre'],['université de Paris-Sorbonne'],[],['autres termes'],['maladie'],['Lyon'],['Lyon'],['Jeanne Lefèvre'],['Jeanne Lefèvre'],['Jeanne'],['Lefèvre'],[],['université de Paris-Sorbonne'],False,False,False,False,False,False,False,False,True,True,False
479,479,qwen_v1_long_nodis_45_torch.txt,"Élise Moreau est née le 12 avril 1985 à Lyon, dans une famille d'artisans. Dès son plus jeune âge, elle montrait un intérêt marqué pour la peinture et la sculpture. Après avoir étudié à l'École des Beaux-Arts de Paris, elle se spécialise dans l'art contemporain et commence à exposer ses œuvres dans des galeries indépendantes. Son travail, mêlant abstraction et symbolisme, attire l'attention du public et des critiques. Élise travaille également comme enseignante, partageant son savoir avec les étudiants dans un atelier d'art à Marseille. Elle meurt le 5 juillet 2023, à l'âge de 38 ans, après une longue maladie. Son héritage artistique continue d'inspirer de nouvelles générations de créateurs.",Fem,Counter({'Fem': 4}),"[née, enseignante, 'elle (pronom majoritaire)']",qwen,v1_long,False,45,torch,['autres termes'],['maladie'],['Élise'],['Moreau'],"['Lyon', 'Marseille']","['Lyon', 'Marseille']",['Élise Moreau'],['Élise Moreau'],['École des Beaux-Arts de Paris'],[],['autres termes'],['maladie'],"['Lyon', 'Marseille']","['Lyon', 'Marseille']",['Élise Moreau'],['Élise Moreau'],['Élise'],['Moreau'],[],['École des Beaux-Arts de Paris'],False,False,False,False,False,False,False,False,True,True,False
480,480,qwen_v1_long_nodis_46_awq.txt,"Élise Moreau naquit le 12 avril 1958 à Lyon, dans une famille modeste mais très cultivée. Dès son jeune âge, elle montra une passion pour les lettres et la philosophie, ce qui la conduisit à étudier la littérature à la Sorbonne. Après avoir obtenu son doctorat en 1985, elle devint professeur d’histoire des idées à l’université de Paris-Sorbonne, où elle enseigna pendant plus de vingt ans. Elle était connue pour ses cours passionnants et ses travaux sur les penseurs du XIXe siècle. Élise publia plusieurs ouvrages influents, notamment « Les Lumières revisitées » et « Le Silence des philosophes ». Elle fut également invitée à donner des conférences dans plusieurs universités européennes. Élise Moreau mourut le 3 juillet 2022 à Paris, à l’âge de 64 ans, après une longue maladie. Elle laissait derrière elle une œuvre riche et une réputation de pensée profonde et engagée.",Fem,Counter({'Fem': 2}),['elle (pronom majoritaire)'],qwen,v1_long,False,46,awq,['autres termes'],['maladie'],['Élise'],['Moreau'],"['Lyon', 'Paris', 'Sorbonne']","['Lyon', 'Paris', 'Sorbonne']","['Élise', 'Élise Moreau']","['Élise', 'Élise Moreau']",['université de Paris-Sorbonne'],[],['autres termes'],['maladie'],"['Lyon', 'Paris', 'Sorbonne']","['Lyon', 'Paris', 'Sorbonne']","['Élise', 'Élise Moreau']","['Élise', 'Élise Moreau']",['Élise'],['Moreau'],[],['université de Paris-Sorbonne'],False,False,False,False,False,False,False,False,True,True,False
483,483,qwen_v1_long_nodis_47_torch.txt,"Élise Moreau est née le 12 avril 1985 à Lyon, dans une famille d'artistes. Dès son enfance, elle montre un talent marqué pour la peinture et la musique. Elle étudie le dessin à l'École des Beaux-Arts de Paris, où elle se distingue par son style unique, mêlant réalisme et abstraction. Après avoir travaillé comme illustratrice pour plusieurs magazines, elle lance sa propre galerie d'art en 2015 à Marseille. Son travail est exposé dans des galeries internationales et elle reçoit plusieurs prix pour ses créations. Élise meurt le 3 juillet 2023 à l'âge de 38 ans, après une longue maladie, laissant derrière elle une œuvre riche et inspirante.",Fem,Counter({'Fem': 5}),"[née, illustratrice, 'laissant derrière elle', 'elle (pronom majoritaire)']",qwen,v1_long,False,47,torch,['autres termes'],['maladie'],['Élise'],['Moreau'],"['Lyon', 'Marseille']","['Lyon', 'Marseille']","['Élise', 'Élise Moreau']","['Élise', 'Élise Moreau']",['École des Beaux-Arts de Paris'],[],['autres termes'],['maladie'],"['Lyon', 'Marseille']","['Lyon', 'Marseille']","['Élise', 'Élise Moreau']","['Élise', 'Élise Moreau']",['Élise'],['Moreau'],[],['École des Beaux-Arts de Paris'],False,False,False,False,False,False,False,False,True,True,False
491,491,qwen_v1_long_nodis_5_torch.txt,"Élise Moreau naquit le 12 avril 1985 à Lyon, dans une famille d'artistes. Dès son plus jeune âge, elle montra un talent exceptionnel pour le dessin et la peinture, ce qui la conduisit à étudier à l'École des Beaux-Arts de Paris. Elle y développa une approche unique mêlant réalisme et abstraction, ce qui la fit rapidement connaître dans les milieux artistiques. Après avoir exposé dans plusieurs galeries internationales, elle fut nommée professeure d'art à l'Université Lumière de Lyon. Son travail, souvent inspiré par la nature et l'urbanité, fut reconnu par de nombreux prix, dont le Grand Prix des Arts en 2015. Élise Moreau mourut le 3 juillet 2023 à Nice, des suites d'une maladie longtemps cachée, laissant derrière elle une œuvre riche et un héritage artistique inestimable.",Fem,Counter({'Fem': 4}),"[professeure, 'laissant derrière elle', 'elle (pronom majoritaire)']",qwen,v1_long,False,5,torch,['autres termes'],['maladie'],['Élise'],['Moreau'],"['Lyon', 'Nice']","['Lyon', 'Nice']",['Élise Moreau'],['Élise Moreau'],"['Université Lumière de Lyon', 'École des Beaux-Arts de Paris']",[],['autres termes'],['maladie'],"['Lyon', 'Nice']","['Lyon', 'Nice']",['Élise Moreau'],['Élise Moreau'],['Élise'],['Moreau'],[],"['Université Lumière de Lyon', 'École des Beaux-Arts de Paris']",False,False,False,False,False,False,False,False,True,True,False
493,493,qwen_v1_long_nodis_6_torch.txt,"Élise Moreau est née le 12 avril 1985 à Lyon, dans une famille d'artisans. Dès son plus jeune âge, elle montrait un intérêt marqué pour l'écriture et la poésie. Après avoir obtenu son bac littéraire, elle s'inscrit à la Sorbonne où elle obtient une licence en littérature comparée. Elle poursuit ensuite ses études à Paris, en doctorat en études féministes. Élise travaille comme professeure de français dans un lycée parisien pendant plusieurs années, tout en continuant à écrire. Son premier recueil de poèmes, intitulé « Les Ombres de la lumière », est publié à l'âge de trente-cinq ans et rencontre un vif succès. Elle devient rapidement une figure reconnue de la littérature contemporaine. Élise meurt le 15 octobre 2023, à l'âge de trente-huit ans, après une longue maladie. Son œuvre, riche en sens et en émotion, reste un héritage précieux pour les générations futures.",Fem,Counter({'Fem': 4}),"[née, professeure, 'elle (pronom majoritaire)']",qwen,v1_long,False,6,torch,['autres termes'],['maladie'],['Élise'],['Moreau'],"['Lyon', 'Paris', 'Sorbonne']","['Lyon', 'Paris', 'Sorbonne']","['Élise', 'Élise Moreau']","['Élise', 'Élise Moreau']",[],[],['autres termes'],['maladie'],"['Lyon', 'Paris', 'Sorbonne']","['Lyon', 'Paris', 'Sorbonne']","['Élise', 'Élise Moreau']","['Élise', 'Élise Moreau']",['Élise'],['Moreau'],[],[],False,False,False,False,False,False,False,False,True,True,False
495,495,qwen_v1_long_nodis_7_torch.txt,"Élise Moreau est née le 12 avril 1985 à Lyon, dans une famille d'artistes. Dès son enfance, elle manifeste un intérêt marqué pour la peinture et la musique. Elle suit des études d'art à l'École des Beaux-Arts de Paris, où elle se distingue par son style original et ses œuvres émotionnelles. Après avoir travaillé comme illustratrice pour plusieurs magazines culturels, elle décide de se lancer en tant que peintre indépendante. Son travail, mêlant abstraction et réalisme, lui vaut une reconnaissance internationale. Élise vit en Provence, où elle consacre la plupart de son temps à sa création. Elle meurt le 3 juillet 2023, à l'âge de 38 ans, d'une maladie rare, laissant derrière elle une œuvre riche et un héritage artistique profond.",Fem,Counter({'Fem': 5}),"[née, illustratrice, 'laissant derrière elle', 'elle (pronom majoritaire)']",qwen,v1_long,False,7,torch,['autres termes'],['maladie rare'],['Élise'],['Moreau'],"['Lyon', 'Provence']","['Lyon', 'Provence']","['Élise', 'Élise Moreau']","['Élise', 'Élise Moreau']",['École des Beaux-Arts de Paris'],[],['autres termes'],['maladie rare'],"['Lyon', 'Provence']","['Lyon', 'Provence']","['Élise', 'Élise Moreau']","['Élise', 'Élise Moreau']",['Élise'],['Moreau'],[],['École des Beaux-Arts de Paris'],False,False,False,False,False,False,False,False,True,True,False
